{"asctime":"2025-10-30 23:28:43","level":"INFO","service":"QueryGenie Server","message":"⚡ Server running on 3001"}
{"asctime":"2025-10-30 23:28:43","level":"ERROR","service":"QueryGenie Server","message":"File Processing worker failed with error {\"library\":\"SSL routines\",\"reason\":\"wrong version number\",\"code\":\"ERR_SSL_WRONG_VERSION_NUMBER\"}"}
{"asctime":"2025-10-30 23:28:43","level":"ERROR","service":"QueryGenie Server","message":"File Processing worker failed with error {\"library\":\"SSL routines\",\"reason\":\"wrong version number\",\"code\":\"ERR_SSL_WRONG_VERSION_NUMBER\"}"}
{"asctime":"2025-10-30 23:28:43","level":"ERROR","service":"QueryGenie Server","message":"PDF Parser failed with error {\"library\":\"SSL routines\",\"reason\":\"wrong version number\",\"code\":\"ERR_SSL_WRONG_VERSION_NUMBER\"}"}
{"asctime":"2025-10-30 23:28:43","level":"ERROR","service":"QueryGenie Server","message":"PDF Parser failed with error {\"library\":\"SSL routines\",\"reason\":\"wrong version number\",\"code\":\"ERR_SSL_WRONG_VERSION_NUMBER\"}"}
{"asctime":"2025-10-30 23:28:44","level":"ERROR","service":"QueryGenie Server","message":"PDF Parser failed with error {\"library\":\"SSL routines\",\"reason\":\"wrong version number\",\"code\":\"ERR_SSL_WRONG_VERSION_NUMBER\"}"}
{"asctime":"2025-10-30 23:28:44","level":"ERROR","service":"QueryGenie Server","message":"File Processing worker failed with error {\"library\":\"SSL routines\",\"reason\":\"wrong version number\",\"code\":\"ERR_SSL_WRONG_VERSION_NUMBER\"}"}
{"asctime":"2025-10-30 23:28:44","level":"ERROR","service":"QueryGenie Server","message":"PDF Parser failed with error {\"library\":\"SSL routines\",\"reason\":\"wrong version number\",\"code\":\"ERR_SSL_WRONG_VERSION_NUMBER\"}"}
{"asctime":"2025-10-30 23:28:44","level":"ERROR","service":"QueryGenie Server","message":"File Processing worker failed with error {\"library\":\"SSL routines\",\"reason\":\"wrong version number\",\"code\":\"ERR_SSL_WRONG_VERSION_NUMBER\"}"}
{"asctime":"2025-10-30 23:28:45","level":"ERROR","service":"QueryGenie Server","message":"PDF Parser failed with error {\"library\":\"SSL routines\",\"reason\":\"wrong version number\",\"code\":\"ERR_SSL_WRONG_VERSION_NUMBER\"}"}
{"asctime":"2025-10-30 23:28:45","level":"ERROR","service":"QueryGenie Server","message":"PDF Parser failed with error {\"library\":\"SSL routines\",\"reason\":\"wrong version number\",\"code\":\"ERR_SSL_WRONG_VERSION_NUMBER\"}"}
{"asctime":"2025-10-30 23:28:45","level":"ERROR","service":"QueryGenie Server","message":"File Processing worker failed with error {\"library\":\"SSL routines\",\"reason\":\"wrong version number\",\"code\":\"ERR_SSL_WRONG_VERSION_NUMBER\"}"}
{"asctime":"2025-10-30 23:28:45","level":"ERROR","service":"QueryGenie Server","message":"File Processing worker failed with error {\"library\":\"SSL routines\",\"reason\":\"wrong version number\",\"code\":\"ERR_SSL_WRONG_VERSION_NUMBER\"}"}
{"asctime":"2025-10-30 23:28:46","level":"ERROR","service":"QueryGenie Server","message":"PDF Parser failed with error {\"library\":\"SSL routines\",\"reason\":\"wrong version number\",\"code\":\"ERR_SSL_WRONG_VERSION_NUMBER\"}"}
{"asctime":"2025-10-30 23:28:47","level":"ERROR","service":"QueryGenie Server","message":"PDF Parser failed with error {\"library\":\"SSL routines\",\"reason\":\"wrong version number\",\"code\":\"ERR_SSL_WRONG_VERSION_NUMBER\"}"}
{"asctime":"2025-10-30 23:28:47","level":"ERROR","service":"QueryGenie Server","message":"File Processing worker failed with error {\"library\":\"SSL routines\",\"reason\":\"wrong version number\",\"code\":\"ERR_SSL_WRONG_VERSION_NUMBER\"}"}
{"asctime":"2025-10-30 23:28:47","level":"ERROR","service":"QueryGenie Server","message":"File Processing worker failed with error {\"library\":\"SSL routines\",\"reason\":\"wrong version number\",\"code\":\"ERR_SSL_WRONG_VERSION_NUMBER\"}"}
{"asctime":"2025-10-30 23:28:48","level":"ERROR","service":"QueryGenie Server","message":"PDF Parser failed with error {\"library\":\"SSL routines\",\"reason\":\"wrong version number\",\"code\":\"ERR_SSL_WRONG_VERSION_NUMBER\"}"}
{"asctime":"2025-10-30 23:28:48","level":"ERROR","service":"QueryGenie Server","message":"PDF Parser failed with error {\"library\":\"SSL routines\",\"reason\":\"wrong version number\",\"code\":\"ERR_SSL_WRONG_VERSION_NUMBER\"}"}
{"asctime":"2025-10-30 23:28:48","level":"ERROR","service":"QueryGenie Server","message":"File Processing worker failed with error {\"library\":\"SSL routines\",\"reason\":\"wrong version number\",\"code\":\"ERR_SSL_WRONG_VERSION_NUMBER\"}"}
{"asctime":"2025-10-30 23:28:48","level":"ERROR","service":"QueryGenie Server","message":"File Processing worker failed with error {\"library\":\"SSL routines\",\"reason\":\"wrong version number\",\"code\":\"ERR_SSL_WRONG_VERSION_NUMBER\"}"}
{"asctime":"2025-10-30 23:28:49","level":"ERROR","service":"QueryGenie Server","message":"PDF Parser failed with error {\"library\":\"SSL routines\",\"reason\":\"wrong version number\",\"code\":\"ERR_SSL_WRONG_VERSION_NUMBER\"}"}
{"asctime":"2025-10-30 23:28:49","level":"ERROR","service":"QueryGenie Server","message":"PDF Parser failed with error {\"library\":\"SSL routines\",\"reason\":\"wrong version number\",\"code\":\"ERR_SSL_WRONG_VERSION_NUMBER\"}"}
{"asctime":"2025-10-30 23:28:49","level":"ERROR","service":"QueryGenie Server","message":"File Processing worker failed with error {\"library\":\"SSL routines\",\"reason\":\"wrong version number\",\"code\":\"ERR_SSL_WRONG_VERSION_NUMBER\"}"}
{"asctime":"2025-10-30 23:28:49","level":"ERROR","service":"QueryGenie Server","message":"File Processing worker failed with error {\"library\":\"SSL routines\",\"reason\":\"wrong version number\",\"code\":\"ERR_SSL_WRONG_VERSION_NUMBER\"}"}
{"asctime":"2025-10-30 23:28:50","level":"ERROR","service":"QueryGenie Server","message":"PDF Parser failed with error {\"library\":\"SSL routines\",\"reason\":\"wrong version number\",\"code\":\"ERR_SSL_WRONG_VERSION_NUMBER\"}"}
{"asctime":"2025-10-30 23:28:50","level":"ERROR","service":"QueryGenie Server","message":"PDF Parser failed with error {\"library\":\"SSL routines\",\"reason\":\"wrong version number\",\"code\":\"ERR_SSL_WRONG_VERSION_NUMBER\"}"}
{"asctime":"2025-10-30 23:28:50","level":"ERROR","service":"QueryGenie Server","message":"File Processing worker failed with error {\"library\":\"SSL routines\",\"reason\":\"wrong version number\",\"code\":\"ERR_SSL_WRONG_VERSION_NUMBER\"}"}
{"asctime":"2025-10-30 23:28:50","level":"ERROR","service":"QueryGenie Server","message":"File Processing worker failed with error {\"library\":\"SSL routines\",\"reason\":\"wrong version number\",\"code\":\"ERR_SSL_WRONG_VERSION_NUMBER\"}"}
{"asctime":"2025-10-30 23:28:51","level":"ERROR","service":"QueryGenie Server","message":"PDF Parser failed with error {\"library\":\"SSL routines\",\"reason\":\"wrong version number\",\"code\":\"ERR_SSL_WRONG_VERSION_NUMBER\"}"}
{"asctime":"2025-10-30 23:28:51","level":"ERROR","service":"QueryGenie Server","message":"File Processing worker failed with error {\"library\":\"SSL routines\",\"reason\":\"wrong version number\",\"code\":\"ERR_SSL_WRONG_VERSION_NUMBER\"}"}
{"asctime":"2025-10-30 23:28:51","level":"ERROR","service":"QueryGenie Server","message":"PDF Parser failed with error {\"library\":\"SSL routines\",\"reason\":\"wrong version number\",\"code\":\"ERR_SSL_WRONG_VERSION_NUMBER\"}"}
{"asctime":"2025-10-30 23:28:51","level":"ERROR","service":"QueryGenie Server","message":"File Processing worker failed with error {\"library\":\"SSL routines\",\"reason\":\"wrong version number\",\"code\":\"ERR_SSL_WRONG_VERSION_NUMBER\"}"}
{"asctime":"2025-10-30 23:28:54","level":"ERROR","service":"QueryGenie Server","message":"PDF Parser failed with error {\"library\":\"SSL routines\",\"reason\":\"wrong version number\",\"code\":\"ERR_SSL_WRONG_VERSION_NUMBER\"}"}
{"asctime":"2025-10-30 23:28:54","level":"ERROR","service":"QueryGenie Server","message":"File Processing worker failed with error {\"library\":\"SSL routines\",\"reason\":\"wrong version number\",\"code\":\"ERR_SSL_WRONG_VERSION_NUMBER\"}"}
{"asctime":"2025-10-30 23:28:54","level":"ERROR","service":"QueryGenie Server","message":"PDF Parser failed with error {\"library\":\"SSL routines\",\"reason\":\"wrong version number\",\"code\":\"ERR_SSL_WRONG_VERSION_NUMBER\"}"}
{"asctime":"2025-10-30 23:28:54","level":"ERROR","service":"QueryGenie Server","message":"File Processing worker failed with error {\"library\":\"SSL routines\",\"reason\":\"wrong version number\",\"code\":\"ERR_SSL_WRONG_VERSION_NUMBER\"}"}
{"asctime":"2025-10-30 23:29:02","level":"ERROR","service":"QueryGenie Server","message":"PDF Parser failed with error {\"errno\":-3008,\"code\":\"ENOTFOUND\",\"syscall\":\"getaddrinfo\",\"hostname\":\"redis-17428.c330.asia-south1-1.gce.redns.redis-cloud.com\"}"}
{"asctime":"2025-10-30 23:29:02","level":"ERROR","service":"QueryGenie Server","message":"File Processing worker failed with error {\"library\":\"SSL routines\",\"reason\":\"wrong version number\",\"code\":\"ERR_SSL_WRONG_VERSION_NUMBER\"}"}
{"asctime":"2025-10-30 23:29:02","level":"ERROR","service":"QueryGenie Server","message":"PDF Parser failed with error {\"library\":\"SSL routines\",\"reason\":\"wrong version number\",\"code\":\"ERR_SSL_WRONG_VERSION_NUMBER\"}"}
{"asctime":"2025-10-30 23:29:02","level":"ERROR","service":"QueryGenie Server","message":"File Processing worker failed with error {\"library\":\"SSL routines\",\"reason\":\"wrong version number\",\"code\":\"ERR_SSL_WRONG_VERSION_NUMBER\"}"}
{"asctime":"2025-10-30 23:29:22","level":"ERROR","service":"QueryGenie Server","message":"PDF Parser failed with error {\"library\":\"SSL routines\",\"reason\":\"wrong version number\",\"code\":\"ERR_SSL_WRONG_VERSION_NUMBER\"}"}
{"asctime":"2025-10-30 23:29:22","level":"ERROR","service":"QueryGenie Server","message":"File Processing worker failed with error {\"library\":\"SSL routines\",\"reason\":\"wrong version number\",\"code\":\"ERR_SSL_WRONG_VERSION_NUMBER\"}"}
{"asctime":"2025-10-30 23:29:22","level":"ERROR","service":"QueryGenie Server","message":"File Processing worker failed with error {\"library\":\"SSL routines\",\"reason\":\"wrong version number\",\"code\":\"ERR_SSL_WRONG_VERSION_NUMBER\"}"}
{"asctime":"2025-10-30 23:29:22","level":"ERROR","service":"QueryGenie Server","message":"PDF Parser failed with error {\"library\":\"SSL routines\",\"reason\":\"wrong version number\",\"code\":\"ERR_SSL_WRONG_VERSION_NUMBER\"}"}
{"asctime":"2025-10-30 23:29:42","level":"ERROR","service":"QueryGenie Server","message":"PDF Parser failed with error {\"library\":\"SSL routines\",\"reason\":\"wrong version number\",\"code\":\"ERR_SSL_WRONG_VERSION_NUMBER\"}"}
{"asctime":"2025-10-30 23:29:42","level":"ERROR","service":"QueryGenie Server","message":"File Processing worker failed with error {\"library\":\"SSL routines\",\"reason\":\"wrong version number\",\"code\":\"ERR_SSL_WRONG_VERSION_NUMBER\"}"}
{"asctime":"2025-10-30 23:29:42","level":"ERROR","service":"QueryGenie Server","message":"File Processing worker failed with error {\"library\":\"SSL routines\",\"reason\":\"wrong version number\",\"code\":\"ERR_SSL_WRONG_VERSION_NUMBER\"}"}
{"asctime":"2025-10-30 23:29:42","level":"ERROR","service":"QueryGenie Server","message":"PDF Parser failed with error {\"library\":\"SSL routines\",\"reason\":\"wrong version number\",\"code\":\"ERR_SSL_WRONG_VERSION_NUMBER\"}"}
{"asctime":"2025-10-30 23:30:02","level":"ERROR","service":"QueryGenie Server","message":"PDF Parser failed with error {\"library\":\"SSL routines\",\"reason\":\"wrong version number\",\"code\":\"ERR_SSL_WRONG_VERSION_NUMBER\"}"}
{"asctime":"2025-10-30 23:30:02","level":"ERROR","service":"QueryGenie Server","message":"File Processing worker failed with error {\"library\":\"SSL routines\",\"reason\":\"wrong version number\",\"code\":\"ERR_SSL_WRONG_VERSION_NUMBER\"}"}
{"asctime":"2025-10-30 23:30:02","level":"ERROR","service":"QueryGenie Server","message":"File Processing worker failed with error {\"library\":\"SSL routines\",\"reason\":\"wrong version number\",\"code\":\"ERR_SSL_WRONG_VERSION_NUMBER\"}"}
{"asctime":"2025-10-30 23:30:02","level":"ERROR","service":"QueryGenie Server","message":"PDF Parser failed with error {\"library\":\"SSL routines\",\"reason\":\"wrong version number\",\"code\":\"ERR_SSL_WRONG_VERSION_NUMBER\"}"}
{"asctime":"2025-10-30 23:30:22","level":"ERROR","service":"QueryGenie Server","message":"File Processing worker failed with error {\"library\":\"SSL routines\",\"reason\":\"wrong version number\",\"code\":\"ERR_SSL_WRONG_VERSION_NUMBER\"}"}
{"asctime":"2025-10-30 23:30:22","level":"ERROR","service":"QueryGenie Server","message":"PDF Parser failed with error {\"library\":\"SSL routines\",\"reason\":\"wrong version number\",\"code\":\"ERR_SSL_WRONG_VERSION_NUMBER\"}"}
{"asctime":"2025-10-30 23:30:22","level":"ERROR","service":"QueryGenie Server","message":"File Processing worker failed with error {\"library\":\"SSL routines\",\"reason\":\"wrong version number\",\"code\":\"ERR_SSL_WRONG_VERSION_NUMBER\"}"}
{"asctime":"2025-10-30 23:30:22","level":"ERROR","service":"QueryGenie Server","message":"PDF Parser failed with error {\"library\":\"SSL routines\",\"reason\":\"wrong version number\",\"code\":\"ERR_SSL_WRONG_VERSION_NUMBER\"}"}
{"asctime":"2025-10-30 23:30:42","level":"ERROR","service":"QueryGenie Server","message":"File Processing worker failed with error {\"library\":\"SSL routines\",\"reason\":\"wrong version number\",\"code\":\"ERR_SSL_WRONG_VERSION_NUMBER\"}"}
{"asctime":"2025-10-30 23:30:42","level":"ERROR","service":"QueryGenie Server","message":"File Processing worker failed with error {\"library\":\"SSL routines\",\"reason\":\"wrong version number\",\"code\":\"ERR_SSL_WRONG_VERSION_NUMBER\"}"}
{"asctime":"2025-10-30 23:30:42","level":"ERROR","service":"QueryGenie Server","message":"PDF Parser failed with error {\"library\":\"SSL routines\",\"reason\":\"wrong version number\",\"code\":\"ERR_SSL_WRONG_VERSION_NUMBER\"}"}
{"asctime":"2025-10-30 23:30:42","level":"ERROR","service":"QueryGenie Server","message":"PDF Parser failed with error {\"library\":\"SSL routines\",\"reason\":\"wrong version number\",\"code\":\"ERR_SSL_WRONG_VERSION_NUMBER\"}"}
{"asctime":"2025-10-30 23:31:03","level":"ERROR","service":"QueryGenie Server","message":"File Processing worker failed with error {\"library\":\"SSL routines\",\"reason\":\"wrong version number\",\"code\":\"ERR_SSL_WRONG_VERSION_NUMBER\"}"}
{"asctime":"2025-10-30 23:31:03","level":"ERROR","service":"QueryGenie Server","message":"PDF Parser failed with error {\"library\":\"SSL routines\",\"reason\":\"wrong version number\",\"code\":\"ERR_SSL_WRONG_VERSION_NUMBER\"}"}
{"asctime":"2025-10-30 23:31:03","level":"ERROR","service":"QueryGenie Server","message":"File Processing worker failed with error {\"library\":\"SSL routines\",\"reason\":\"wrong version number\",\"code\":\"ERR_SSL_WRONG_VERSION_NUMBER\"}"}
{"asctime":"2025-10-30 23:31:03","level":"ERROR","service":"QueryGenie Server","message":"PDF Parser failed with error {\"library\":\"SSL routines\",\"reason\":\"wrong version number\",\"code\":\"ERR_SSL_WRONG_VERSION_NUMBER\"}"}
{"asctime":"2025-10-30 23:33:48","level":"INFO","service":"QueryGenie Server","message":"⚡ Server running on 3001"}
{"asctime":"2025-10-30 23:33:48","level":"ERROR","service":"QueryGenie Server","message":"File Processing worker failed with error {\"library\":\"SSL routines\",\"reason\":\"wrong version number\",\"code\":\"ERR_SSL_WRONG_VERSION_NUMBER\"}"}
{"asctime":"2025-10-30 23:33:48","level":"ERROR","service":"QueryGenie Server","message":"File Processing worker failed with error {\"library\":\"SSL routines\",\"reason\":\"wrong version number\",\"code\":\"ERR_SSL_WRONG_VERSION_NUMBER\"}"}
{"asctime":"2025-10-30 23:33:48","level":"ERROR","service":"QueryGenie Server","message":"PDF Parser failed with error {\"library\":\"SSL routines\",\"reason\":\"wrong version number\",\"code\":\"ERR_SSL_WRONG_VERSION_NUMBER\"}"}
{"asctime":"2025-10-30 23:33:48","level":"ERROR","service":"QueryGenie Server","message":"PDF Parser failed with error {\"library\":\"SSL routines\",\"reason\":\"wrong version number\",\"code\":\"ERR_SSL_WRONG_VERSION_NUMBER\"}"}
{"asctime":"2025-10-30 23:33:49","level":"ERROR","service":"QueryGenie Server","message":"PDF Parser failed with error {\"library\":\"SSL routines\",\"reason\":\"wrong version number\",\"code\":\"ERR_SSL_WRONG_VERSION_NUMBER\"}"}
{"asctime":"2025-10-30 23:33:49","level":"ERROR","service":"QueryGenie Server","message":"File Processing worker failed with error {\"library\":\"SSL routines\",\"reason\":\"wrong version number\",\"code\":\"ERR_SSL_WRONG_VERSION_NUMBER\"}"}
{"asctime":"2025-10-30 23:33:49","level":"ERROR","service":"QueryGenie Server","message":"File Processing worker failed with error {\"library\":\"SSL routines\",\"reason\":\"wrong version number\",\"code\":\"ERR_SSL_WRONG_VERSION_NUMBER\"}"}
{"asctime":"2025-10-30 23:33:49","level":"ERROR","service":"QueryGenie Server","message":"PDF Parser failed with error {\"library\":\"SSL routines\",\"reason\":\"wrong version number\",\"code\":\"ERR_SSL_WRONG_VERSION_NUMBER\"}"}
{"asctime":"2025-10-30 23:33:50","level":"ERROR","service":"QueryGenie Server","message":"File Processing worker failed with error {\"library\":\"SSL routines\",\"reason\":\"wrong version number\",\"code\":\"ERR_SSL_WRONG_VERSION_NUMBER\"}"}
{"asctime":"2025-10-30 23:33:50","level":"ERROR","service":"QueryGenie Server","message":"PDF Parser failed with error {\"library\":\"SSL routines\",\"reason\":\"wrong version number\",\"code\":\"ERR_SSL_WRONG_VERSION_NUMBER\"}"}
{"asctime":"2025-10-30 23:33:50","level":"ERROR","service":"QueryGenie Server","message":"File Processing worker failed with error {\"library\":\"SSL routines\",\"reason\":\"wrong version number\",\"code\":\"ERR_SSL_WRONG_VERSION_NUMBER\"}"}
{"asctime":"2025-10-30 23:33:50","level":"ERROR","service":"QueryGenie Server","message":"PDF Parser failed with error {\"library\":\"SSL routines\",\"reason\":\"wrong version number\",\"code\":\"ERR_SSL_WRONG_VERSION_NUMBER\"}"}
{"asctime":"2025-10-30 23:33:51","level":"ERROR","service":"QueryGenie Server","message":"File Processing worker failed with error {\"library\":\"SSL routines\",\"reason\":\"wrong version number\",\"code\":\"ERR_SSL_WRONG_VERSION_NUMBER\"}"}
{"asctime":"2025-10-30 23:33:51","level":"ERROR","service":"QueryGenie Server","message":"PDF Parser failed with error {\"library\":\"SSL routines\",\"reason\":\"wrong version number\",\"code\":\"ERR_SSL_WRONG_VERSION_NUMBER\"}"}
{"asctime":"2025-10-30 23:33:51","level":"ERROR","service":"QueryGenie Server","message":"File Processing worker failed with error {\"library\":\"SSL routines\",\"reason\":\"wrong version number\",\"code\":\"ERR_SSL_WRONG_VERSION_NUMBER\"}"}
{"asctime":"2025-10-30 23:33:51","level":"ERROR","service":"QueryGenie Server","message":"PDF Parser failed with error {\"library\":\"SSL routines\",\"reason\":\"wrong version number\",\"code\":\"ERR_SSL_WRONG_VERSION_NUMBER\"}"}
{"asctime":"2025-10-30 23:33:52","level":"ERROR","service":"QueryGenie Server","message":"PDF Parser failed with error {\"library\":\"SSL routines\",\"reason\":\"wrong version number\",\"code\":\"ERR_SSL_WRONG_VERSION_NUMBER\"}"}
{"asctime":"2025-10-30 23:33:52","level":"ERROR","service":"QueryGenie Server","message":"File Processing worker failed with error {\"library\":\"SSL routines\",\"reason\":\"wrong version number\",\"code\":\"ERR_SSL_WRONG_VERSION_NUMBER\"}"}
{"asctime":"2025-10-30 23:33:52","level":"ERROR","service":"QueryGenie Server","message":"File Processing worker failed with error {\"library\":\"SSL routines\",\"reason\":\"wrong version number\",\"code\":\"ERR_SSL_WRONG_VERSION_NUMBER\"}"}
{"asctime":"2025-10-30 23:33:52","level":"ERROR","service":"QueryGenie Server","message":"PDF Parser failed with error {\"library\":\"SSL routines\",\"reason\":\"wrong version number\",\"code\":\"ERR_SSL_WRONG_VERSION_NUMBER\"}"}
{"asctime":"2025-10-30 23:33:53","level":"ERROR","service":"QueryGenie Server","message":"File Processing worker failed with error {\"library\":\"SSL routines\",\"reason\":\"wrong version number\",\"code\":\"ERR_SSL_WRONG_VERSION_NUMBER\"}"}
{"asctime":"2025-10-30 23:33:53","level":"ERROR","service":"QueryGenie Server","message":"File Processing worker failed with error {\"library\":\"SSL routines\",\"reason\":\"wrong version number\",\"code\":\"ERR_SSL_WRONG_VERSION_NUMBER\"}"}
{"asctime":"2025-10-30 23:33:53","level":"ERROR","service":"QueryGenie Server","message":"PDF Parser failed with error {\"library\":\"SSL routines\",\"reason\":\"wrong version number\",\"code\":\"ERR_SSL_WRONG_VERSION_NUMBER\"}"}
{"asctime":"2025-10-30 23:33:53","level":"ERROR","service":"QueryGenie Server","message":"PDF Parser failed with error {\"library\":\"SSL routines\",\"reason\":\"wrong version number\",\"code\":\"ERR_SSL_WRONG_VERSION_NUMBER\"}"}
{"asctime":"2025-10-30 23:33:54","level":"ERROR","service":"QueryGenie Server","message":"File Processing worker failed with error {\"library\":\"SSL routines\",\"reason\":\"wrong version number\",\"code\":\"ERR_SSL_WRONG_VERSION_NUMBER\"}"}
{"asctime":"2025-10-30 23:33:54","level":"ERROR","service":"QueryGenie Server","message":"PDF Parser failed with error {\"library\":\"SSL routines\",\"reason\":\"wrong version number\",\"code\":\"ERR_SSL_WRONG_VERSION_NUMBER\"}"}
{"asctime":"2025-10-30 23:33:54","level":"ERROR","service":"QueryGenie Server","message":"File Processing worker failed with error {\"library\":\"SSL routines\",\"reason\":\"wrong version number\",\"code\":\"ERR_SSL_WRONG_VERSION_NUMBER\"}"}
{"asctime":"2025-10-30 23:33:54","level":"ERROR","service":"QueryGenie Server","message":"PDF Parser failed with error {\"library\":\"SSL routines\",\"reason\":\"wrong version number\",\"code\":\"ERR_SSL_WRONG_VERSION_NUMBER\"}"}
{"asctime":"2025-10-30 23:33:55","level":"ERROR","service":"QueryGenie Server","message":"File Processing worker failed with error {\"library\":\"SSL routines\",\"reason\":\"wrong version number\",\"code\":\"ERR_SSL_WRONG_VERSION_NUMBER\"}"}
{"asctime":"2025-10-30 23:33:55","level":"ERROR","service":"QueryGenie Server","message":"File Processing worker failed with error {\"library\":\"SSL routines\",\"reason\":\"wrong version number\",\"code\":\"ERR_SSL_WRONG_VERSION_NUMBER\"}"}
{"asctime":"2025-10-30 23:33:55","level":"ERROR","service":"QueryGenie Server","message":"PDF Parser failed with error {\"library\":\"SSL routines\",\"reason\":\"wrong version number\",\"code\":\"ERR_SSL_WRONG_VERSION_NUMBER\"}"}
{"asctime":"2025-10-30 23:33:55","level":"ERROR","service":"QueryGenie Server","message":"PDF Parser failed with error {\"library\":\"SSL routines\",\"reason\":\"wrong version number\",\"code\":\"ERR_SSL_WRONG_VERSION_NUMBER\"}"}
{"asctime":"2025-10-30 23:33:58","level":"ERROR","service":"QueryGenie Server","message":"File Processing worker failed with error {\"library\":\"SSL routines\",\"reason\":\"wrong version number\",\"code\":\"ERR_SSL_WRONG_VERSION_NUMBER\"}"}
{"asctime":"2025-10-30 23:33:58","level":"ERROR","service":"QueryGenie Server","message":"PDF Parser failed with error {\"library\":\"SSL routines\",\"reason\":\"wrong version number\",\"code\":\"ERR_SSL_WRONG_VERSION_NUMBER\"}"}
{"asctime":"2025-10-30 23:33:58","level":"ERROR","service":"QueryGenie Server","message":"File Processing worker failed with error {\"library\":\"SSL routines\",\"reason\":\"wrong version number\",\"code\":\"ERR_SSL_WRONG_VERSION_NUMBER\"}"}
{"asctime":"2025-10-30 23:33:58","level":"ERROR","service":"QueryGenie Server","message":"PDF Parser failed with error {\"library\":\"SSL routines\",\"reason\":\"wrong version number\",\"code\":\"ERR_SSL_WRONG_VERSION_NUMBER\"}"}
{"asctime":"2025-10-30 23:34:08","level":"INFO","service":"QueryGenie Server","message":"⚡ Server running on 3001"}
{"asctime":"2025-10-30 23:34:08","level":"ERROR","service":"QueryGenie Server","message":"File Processing worker failed with error {\"library\":\"SSL routines\",\"reason\":\"wrong version number\",\"code\":\"ERR_SSL_WRONG_VERSION_NUMBER\"}"}
{"asctime":"2025-10-30 23:34:08","level":"ERROR","service":"QueryGenie Server","message":"File Processing worker failed with error {\"library\":\"SSL routines\",\"reason\":\"wrong version number\",\"code\":\"ERR_SSL_WRONG_VERSION_NUMBER\"}"}
{"asctime":"2025-10-30 23:34:08","level":"ERROR","service":"QueryGenie Server","message":"PDF Parser failed with error {\"library\":\"SSL routines\",\"reason\":\"wrong version number\",\"code\":\"ERR_SSL_WRONG_VERSION_NUMBER\"}"}
{"asctime":"2025-10-30 23:34:08","level":"ERROR","service":"QueryGenie Server","message":"PDF Parser failed with error {\"library\":\"SSL routines\",\"reason\":\"wrong version number\",\"code\":\"ERR_SSL_WRONG_VERSION_NUMBER\"}"}
{"asctime":"2025-10-30 23:34:09","level":"ERROR","service":"QueryGenie Server","message":"File Processing worker failed with error {\"library\":\"SSL routines\",\"reason\":\"wrong version number\",\"code\":\"ERR_SSL_WRONG_VERSION_NUMBER\"}"}
{"asctime":"2025-10-30 23:34:09","level":"ERROR","service":"QueryGenie Server","message":"File Processing worker failed with error {\"library\":\"SSL routines\",\"reason\":\"wrong version number\",\"code\":\"ERR_SSL_WRONG_VERSION_NUMBER\"}"}
{"asctime":"2025-10-30 23:34:09","level":"ERROR","service":"QueryGenie Server","message":"PDF Parser failed with error {\"library\":\"SSL routines\",\"reason\":\"wrong version number\",\"code\":\"ERR_SSL_WRONG_VERSION_NUMBER\"}"}
{"asctime":"2025-10-30 23:34:09","level":"ERROR","service":"QueryGenie Server","message":"PDF Parser failed with error {\"library\":\"SSL routines\",\"reason\":\"wrong version number\",\"code\":\"ERR_SSL_WRONG_VERSION_NUMBER\"}"}
{"asctime":"2025-10-30 23:34:10","level":"ERROR","service":"QueryGenie Server","message":"PDF Parser failed with error {\"library\":\"SSL routines\",\"reason\":\"wrong version number\",\"code\":\"ERR_SSL_WRONG_VERSION_NUMBER\"}"}
{"asctime":"2025-10-30 23:34:10","level":"ERROR","service":"QueryGenie Server","message":"File Processing worker failed with error {\"library\":\"SSL routines\",\"reason\":\"wrong version number\",\"code\":\"ERR_SSL_WRONG_VERSION_NUMBER\"}"}
{"asctime":"2025-10-30 23:34:10","level":"ERROR","service":"QueryGenie Server","message":"File Processing worker failed with error {\"library\":\"SSL routines\",\"reason\":\"wrong version number\",\"code\":\"ERR_SSL_WRONG_VERSION_NUMBER\"}"}
{"asctime":"2025-10-30 23:34:10","level":"ERROR","service":"QueryGenie Server","message":"PDF Parser failed with error {\"library\":\"SSL routines\",\"reason\":\"wrong version number\",\"code\":\"ERR_SSL_WRONG_VERSION_NUMBER\"}"}
{"asctime":"2025-10-30 23:34:11","level":"ERROR","service":"QueryGenie Server","message":"PDF Parser failed with error {\"library\":\"SSL routines\",\"reason\":\"wrong version number\",\"code\":\"ERR_SSL_WRONG_VERSION_NUMBER\"}"}
{"asctime":"2025-10-30 23:34:11","level":"ERROR","service":"QueryGenie Server","message":"File Processing worker failed with error {\"library\":\"SSL routines\",\"reason\":\"wrong version number\",\"code\":\"ERR_SSL_WRONG_VERSION_NUMBER\"}"}
{"asctime":"2025-10-30 23:34:11","level":"ERROR","service":"QueryGenie Server","message":"File Processing worker failed with error {\"library\":\"SSL routines\",\"reason\":\"wrong version number\",\"code\":\"ERR_SSL_WRONG_VERSION_NUMBER\"}"}
{"asctime":"2025-10-30 23:34:11","level":"ERROR","service":"QueryGenie Server","message":"PDF Parser failed with error {\"library\":\"SSL routines\",\"reason\":\"wrong version number\",\"code\":\"ERR_SSL_WRONG_VERSION_NUMBER\"}"}
{"asctime":"2025-10-30 23:34:12","level":"ERROR","service":"QueryGenie Server","message":"PDF Parser failed with error {\"library\":\"SSL routines\",\"reason\":\"wrong version number\",\"code\":\"ERR_SSL_WRONG_VERSION_NUMBER\"}"}
{"asctime":"2025-10-30 23:34:12","level":"ERROR","service":"QueryGenie Server","message":"PDF Parser failed with error {\"library\":\"SSL routines\",\"reason\":\"wrong version number\",\"code\":\"ERR_SSL_WRONG_VERSION_NUMBER\"}"}
{"asctime":"2025-10-30 23:34:12","level":"ERROR","service":"QueryGenie Server","message":"File Processing worker failed with error {\"library\":\"SSL routines\",\"reason\":\"wrong version number\",\"code\":\"ERR_SSL_WRONG_VERSION_NUMBER\"}"}
{"asctime":"2025-10-30 23:34:12","level":"ERROR","service":"QueryGenie Server","message":"File Processing worker failed with error {\"library\":\"SSL routines\",\"reason\":\"wrong version number\",\"code\":\"ERR_SSL_WRONG_VERSION_NUMBER\"}"}
{"asctime":"2025-10-30 23:35:36","level":"INFO","service":"QueryGenie Server","message":"⚡ Server running on 3001"}
{"asctime":"2025-10-30 23:35:36","level":"ERROR","service":"QueryGenie Server","message":"File Processing worker failed with error {\"library\":\"SSL routines\",\"reason\":\"wrong version number\",\"code\":\"ERR_SSL_WRONG_VERSION_NUMBER\"}"}
{"asctime":"2025-10-30 23:35:36","level":"ERROR","service":"QueryGenie Server","message":"PDF Parser failed with error {\"library\":\"SSL routines\",\"reason\":\"wrong version number\",\"code\":\"ERR_SSL_WRONG_VERSION_NUMBER\"}"}
{"asctime":"2025-10-30 23:35:36","level":"ERROR","service":"QueryGenie Server","message":"PDF Parser failed with error {\"library\":\"SSL routines\",\"reason\":\"wrong version number\",\"code\":\"ERR_SSL_WRONG_VERSION_NUMBER\"}"}
{"asctime":"2025-10-30 23:35:36","level":"ERROR","service":"QueryGenie Server","message":"File Processing worker failed with error {\"library\":\"SSL routines\",\"reason\":\"wrong version number\",\"code\":\"ERR_SSL_WRONG_VERSION_NUMBER\"}"}
{"asctime":"2025-10-30 23:35:37","level":"ERROR","service":"QueryGenie Server","message":"PDF Parser failed with error {\"library\":\"SSL routines\",\"reason\":\"wrong version number\",\"code\":\"ERR_SSL_WRONG_VERSION_NUMBER\"}"}
{"asctime":"2025-10-30 23:35:37","level":"ERROR","service":"QueryGenie Server","message":"File Processing worker failed with error {\"library\":\"SSL routines\",\"reason\":\"wrong version number\",\"code\":\"ERR_SSL_WRONG_VERSION_NUMBER\"}"}
{"asctime":"2025-10-30 23:35:37","level":"ERROR","service":"QueryGenie Server","message":"File Processing worker failed with error {\"library\":\"SSL routines\",\"reason\":\"wrong version number\",\"code\":\"ERR_SSL_WRONG_VERSION_NUMBER\"}"}
{"asctime":"2025-10-30 23:35:37","level":"ERROR","service":"QueryGenie Server","message":"PDF Parser failed with error {\"library\":\"SSL routines\",\"reason\":\"wrong version number\",\"code\":\"ERR_SSL_WRONG_VERSION_NUMBER\"}"}
{"asctime":"2025-10-30 23:35:37","level":"ERROR","service":"QueryGenie Server","message":"File Processing worker failed with error {\"library\":\"SSL routines\",\"reason\":\"wrong version number\",\"code\":\"ERR_SSL_WRONG_VERSION_NUMBER\"}"}
{"asctime":"2025-10-30 23:35:37","level":"ERROR","service":"QueryGenie Server","message":"PDF Parser failed with error {\"library\":\"SSL routines\",\"reason\":\"wrong version number\",\"code\":\"ERR_SSL_WRONG_VERSION_NUMBER\"}"}
{"asctime":"2025-10-30 23:35:37","level":"ERROR","service":"QueryGenie Server","message":"File Processing worker failed with error {\"library\":\"SSL routines\",\"reason\":\"wrong version number\",\"code\":\"ERR_SSL_WRONG_VERSION_NUMBER\"}"}
{"asctime":"2025-10-30 23:35:37","level":"ERROR","service":"QueryGenie Server","message":"PDF Parser failed with error {\"library\":\"SSL routines\",\"reason\":\"wrong version number\",\"code\":\"ERR_SSL_WRONG_VERSION_NUMBER\"}"}
{"asctime":"2025-10-30 23:35:37","level":"ERROR","service":"QueryGenie Server","message":"File Processing worker failed with error {\"library\":\"SSL routines\",\"reason\":\"wrong version number\",\"code\":\"ERR_SSL_WRONG_VERSION_NUMBER\"}"}
{"asctime":"2025-10-30 23:35:37","level":"ERROR","service":"QueryGenie Server","message":"PDF Parser failed with error {\"library\":\"SSL routines\",\"reason\":\"wrong version number\",\"code\":\"ERR_SSL_WRONG_VERSION_NUMBER\"}"}
{"asctime":"2025-10-30 23:35:37","level":"ERROR","service":"QueryGenie Server","message":"File Processing worker failed with error {\"library\":\"SSL routines\",\"reason\":\"wrong version number\",\"code\":\"ERR_SSL_WRONG_VERSION_NUMBER\"}"}
{"asctime":"2025-10-30 23:35:37","level":"ERROR","service":"QueryGenie Server","message":"PDF Parser failed with error {\"library\":\"SSL routines\",\"reason\":\"wrong version number\",\"code\":\"ERR_SSL_WRONG_VERSION_NUMBER\"}"}
{"asctime":"2025-10-30 23:35:37","level":"ERROR","service":"QueryGenie Server","message":"File Processing worker failed with error {\"library\":\"SSL routines\",\"reason\":\"wrong version number\",\"code\":\"ERR_SSL_WRONG_VERSION_NUMBER\"}"}
{"asctime":"2025-10-30 23:35:37","level":"ERROR","service":"QueryGenie Server","message":"File Processing worker failed with error {\"library\":\"SSL routines\",\"reason\":\"wrong version number\",\"code\":\"ERR_SSL_WRONG_VERSION_NUMBER\"}"}
{"asctime":"2025-10-30 23:35:37","level":"ERROR","service":"QueryGenie Server","message":"PDF Parser failed with error {\"library\":\"SSL routines\",\"reason\":\"wrong version number\",\"code\":\"ERR_SSL_WRONG_VERSION_NUMBER\"}"}
{"asctime":"2025-10-30 23:35:37","level":"ERROR","service":"QueryGenie Server","message":"PDF Parser failed with error {\"library\":\"SSL routines\",\"reason\":\"wrong version number\",\"code\":\"ERR_SSL_WRONG_VERSION_NUMBER\"}"}
{"asctime":"2025-10-30 23:35:38","level":"ERROR","service":"QueryGenie Server","message":"File Processing worker failed with error {\"library\":\"SSL routines\",\"reason\":\"wrong version number\",\"code\":\"ERR_SSL_WRONG_VERSION_NUMBER\"}"}
{"asctime":"2025-10-30 23:35:38","level":"ERROR","service":"QueryGenie Server","message":"File Processing worker failed with error {\"library\":\"SSL routines\",\"reason\":\"wrong version number\",\"code\":\"ERR_SSL_WRONG_VERSION_NUMBER\"}"}
{"asctime":"2025-10-30 23:35:38","level":"ERROR","service":"QueryGenie Server","message":"PDF Parser failed with error {\"library\":\"SSL routines\",\"reason\":\"wrong version number\",\"code\":\"ERR_SSL_WRONG_VERSION_NUMBER\"}"}
{"asctime":"2025-10-30 23:35:38","level":"ERROR","service":"QueryGenie Server","message":"PDF Parser failed with error {\"library\":\"SSL routines\",\"reason\":\"wrong version number\",\"code\":\"ERR_SSL_WRONG_VERSION_NUMBER\"}"}
{"asctime":"2025-10-30 23:35:38","level":"ERROR","service":"QueryGenie Server","message":"File Processing worker failed with error {\"library\":\"SSL routines\",\"reason\":\"wrong version number\",\"code\":\"ERR_SSL_WRONG_VERSION_NUMBER\"}"}
{"asctime":"2025-10-30 23:35:38","level":"ERROR","service":"QueryGenie Server","message":"File Processing worker failed with error {\"library\":\"SSL routines\",\"reason\":\"wrong version number\",\"code\":\"ERR_SSL_WRONG_VERSION_NUMBER\"}"}
{"asctime":"2025-10-30 23:35:38","level":"ERROR","service":"QueryGenie Server","message":"PDF Parser failed with error {\"library\":\"SSL routines\",\"reason\":\"wrong version number\",\"code\":\"ERR_SSL_WRONG_VERSION_NUMBER\"}"}
{"asctime":"2025-10-30 23:35:38","level":"ERROR","service":"QueryGenie Server","message":"PDF Parser failed with error {\"library\":\"SSL routines\",\"reason\":\"wrong version number\",\"code\":\"ERR_SSL_WRONG_VERSION_NUMBER\"}"}
{"asctime":"2025-10-30 23:35:38","level":"ERROR","service":"QueryGenie Server","message":"File Processing worker failed with error {\"library\":\"SSL routines\",\"reason\":\"wrong version number\",\"code\":\"ERR_SSL_WRONG_VERSION_NUMBER\"}"}
{"asctime":"2025-10-30 23:35:38","level":"ERROR","service":"QueryGenie Server","message":"File Processing worker failed with error {\"library\":\"SSL routines\",\"reason\":\"wrong version number\",\"code\":\"ERR_SSL_WRONG_VERSION_NUMBER\"}"}
{"asctime":"2025-10-30 23:35:38","level":"ERROR","service":"QueryGenie Server","message":"PDF Parser failed with error {\"library\":\"SSL routines\",\"reason\":\"wrong version number\",\"code\":\"ERR_SSL_WRONG_VERSION_NUMBER\"}"}
{"asctime":"2025-10-30 23:35:38","level":"ERROR","service":"QueryGenie Server","message":"PDF Parser failed with error {\"library\":\"SSL routines\",\"reason\":\"wrong version number\",\"code\":\"ERR_SSL_WRONG_VERSION_NUMBER\"}"}
{"asctime":"2025-10-30 23:35:39","level":"ERROR","service":"QueryGenie Server","message":"File Processing worker failed with error {\"library\":\"SSL routines\",\"reason\":\"wrong version number\",\"code\":\"ERR_SSL_WRONG_VERSION_NUMBER\"}"}
{"asctime":"2025-10-30 23:35:39","level":"ERROR","service":"QueryGenie Server","message":"File Processing worker failed with error {\"library\":\"SSL routines\",\"reason\":\"wrong version number\",\"code\":\"ERR_SSL_WRONG_VERSION_NUMBER\"}"}
{"asctime":"2025-10-30 23:35:39","level":"ERROR","service":"QueryGenie Server","message":"PDF Parser failed with error {\"library\":\"SSL routines\",\"reason\":\"wrong version number\",\"code\":\"ERR_SSL_WRONG_VERSION_NUMBER\"}"}
{"asctime":"2025-10-30 23:35:39","level":"ERROR","service":"QueryGenie Server","message":"PDF Parser failed with error {\"library\":\"SSL routines\",\"reason\":\"wrong version number\",\"code\":\"ERR_SSL_WRONG_VERSION_NUMBER\"}"}
{"asctime":"2025-10-30 23:35:39","level":"ERROR","service":"QueryGenie Server","message":"File Processing worker failed with error {\"library\":\"SSL routines\",\"reason\":\"wrong version number\",\"code\":\"ERR_SSL_WRONG_VERSION_NUMBER\"}"}
{"asctime":"2025-10-30 23:35:39","level":"ERROR","service":"QueryGenie Server","message":"File Processing worker failed with error {\"library\":\"SSL routines\",\"reason\":\"wrong version number\",\"code\":\"ERR_SSL_WRONG_VERSION_NUMBER\"}"}
{"asctime":"2025-10-30 23:35:39","level":"ERROR","service":"QueryGenie Server","message":"PDF Parser failed with error {\"library\":\"SSL routines\",\"reason\":\"wrong version number\",\"code\":\"ERR_SSL_WRONG_VERSION_NUMBER\"}"}
{"asctime":"2025-10-30 23:35:39","level":"ERROR","service":"QueryGenie Server","message":"PDF Parser failed with error {\"library\":\"SSL routines\",\"reason\":\"wrong version number\",\"code\":\"ERR_SSL_WRONG_VERSION_NUMBER\"}"}
{"asctime":"2025-10-30 23:35:40","level":"ERROR","service":"QueryGenie Server","message":"File Processing worker failed with error {\"library\":\"SSL routines\",\"reason\":\"wrong version number\",\"code\":\"ERR_SSL_WRONG_VERSION_NUMBER\"}"}
{"asctime":"2025-10-30 23:35:40","level":"ERROR","service":"QueryGenie Server","message":"File Processing worker failed with error {\"library\":\"SSL routines\",\"reason\":\"wrong version number\",\"code\":\"ERR_SSL_WRONG_VERSION_NUMBER\"}"}
{"asctime":"2025-10-30 23:35:40","level":"ERROR","service":"QueryGenie Server","message":"PDF Parser failed with error {\"library\":\"SSL routines\",\"reason\":\"wrong version number\",\"code\":\"ERR_SSL_WRONG_VERSION_NUMBER\"}"}
{"asctime":"2025-10-30 23:35:40","level":"ERROR","service":"QueryGenie Server","message":"PDF Parser failed with error {\"library\":\"SSL routines\",\"reason\":\"wrong version number\",\"code\":\"ERR_SSL_WRONG_VERSION_NUMBER\"}"}
{"asctime":"2025-10-30 23:35:40","level":"ERROR","service":"QueryGenie Server","message":"File Processing worker failed with error {\"library\":\"SSL routines\",\"reason\":\"wrong version number\",\"code\":\"ERR_SSL_WRONG_VERSION_NUMBER\"}"}
{"asctime":"2025-10-30 23:35:41","level":"ERROR","service":"QueryGenie Server","message":"File Processing worker failed with error {\"library\":\"SSL routines\",\"reason\":\"wrong version number\",\"code\":\"ERR_SSL_WRONG_VERSION_NUMBER\"}"}
{"asctime":"2025-10-30 23:35:41","level":"ERROR","service":"QueryGenie Server","message":"PDF Parser failed with error {\"library\":\"SSL routines\",\"reason\":\"wrong version number\",\"code\":\"ERR_SSL_WRONG_VERSION_NUMBER\"}"}
{"asctime":"2025-10-30 23:35:41","level":"ERROR","service":"QueryGenie Server","message":"PDF Parser failed with error {\"library\":\"SSL routines\",\"reason\":\"wrong version number\",\"code\":\"ERR_SSL_WRONG_VERSION_NUMBER\"}"}
{"asctime":"2025-10-30 23:35:41","level":"ERROR","service":"QueryGenie Server","message":"File Processing worker failed with error {\"library\":\"SSL routines\",\"reason\":\"wrong version number\",\"code\":\"ERR_SSL_WRONG_VERSION_NUMBER\"}"}
{"asctime":"2025-10-30 23:35:41","level":"ERROR","service":"QueryGenie Server","message":"File Processing worker failed with error {\"library\":\"SSL routines\",\"reason\":\"wrong version number\",\"code\":\"ERR_SSL_WRONG_VERSION_NUMBER\"}"}
{"asctime":"2025-10-30 23:35:41","level":"ERROR","service":"QueryGenie Server","message":"PDF Parser failed with error {\"library\":\"SSL routines\",\"reason\":\"wrong version number\",\"code\":\"ERR_SSL_WRONG_VERSION_NUMBER\"}"}
{"asctime":"2025-10-30 23:35:41","level":"ERROR","service":"QueryGenie Server","message":"PDF Parser failed with error {\"library\":\"SSL routines\",\"reason\":\"wrong version number\",\"code\":\"ERR_SSL_WRONG_VERSION_NUMBER\"}"}
{"asctime":"2025-10-30 23:35:42","level":"ERROR","service":"QueryGenie Server","message":"File Processing worker failed with error {\"library\":\"SSL routines\",\"reason\":\"wrong version number\",\"code\":\"ERR_SSL_WRONG_VERSION_NUMBER\"}"}
{"asctime":"2025-10-30 23:35:42","level":"ERROR","service":"QueryGenie Server","message":"PDF Parser failed with error {\"library\":\"SSL routines\",\"reason\":\"wrong version number\",\"code\":\"ERR_SSL_WRONG_VERSION_NUMBER\"}"}
{"asctime":"2025-10-30 23:35:42","level":"ERROR","service":"QueryGenie Server","message":"File Processing worker failed with error {\"library\":\"SSL routines\",\"reason\":\"wrong version number\",\"code\":\"ERR_SSL_WRONG_VERSION_NUMBER\"}"}
{"asctime":"2025-10-30 23:35:42","level":"ERROR","service":"QueryGenie Server","message":"PDF Parser failed with error {\"library\":\"SSL routines\",\"reason\":\"wrong version number\",\"code\":\"ERR_SSL_WRONG_VERSION_NUMBER\"}"}
{"asctime":"2025-10-30 23:35:42","level":"ERROR","service":"QueryGenie Server","message":"File Processing worker failed with error {\"library\":\"SSL routines\",\"reason\":\"wrong version number\",\"code\":\"ERR_SSL_WRONG_VERSION_NUMBER\"}"}
{"asctime":"2025-10-30 23:35:43","level":"ERROR","service":"QueryGenie Server","message":"File Processing worker failed with error {\"library\":\"SSL routines\",\"reason\":\"wrong version number\",\"code\":\"ERR_SSL_WRONG_VERSION_NUMBER\"}"}
{"asctime":"2025-10-30 23:35:43","level":"ERROR","service":"QueryGenie Server","message":"PDF Parser failed with error {\"library\":\"SSL routines\",\"reason\":\"wrong version number\",\"code\":\"ERR_SSL_WRONG_VERSION_NUMBER\"}"}
{"asctime":"2025-10-30 23:35:43","level":"ERROR","service":"QueryGenie Server","message":"PDF Parser failed with error {\"library\":\"SSL routines\",\"reason\":\"wrong version number\",\"code\":\"ERR_SSL_WRONG_VERSION_NUMBER\"}"}
{"asctime":"2025-10-30 23:35:43","level":"ERROR","service":"QueryGenie Server","message":"File Processing worker failed with error {\"library\":\"SSL routines\",\"reason\":\"wrong version number\",\"code\":\"ERR_SSL_WRONG_VERSION_NUMBER\"}"}
{"asctime":"2025-10-30 23:35:43","level":"ERROR","service":"QueryGenie Server","message":"PDF Parser failed with error {\"library\":\"SSL routines\",\"reason\":\"wrong version number\",\"code\":\"ERR_SSL_WRONG_VERSION_NUMBER\"}"}
{"asctime":"2025-10-30 23:35:43","level":"ERROR","service":"QueryGenie Server","message":"File Processing worker failed with error {\"library\":\"SSL routines\",\"reason\":\"wrong version number\",\"code\":\"ERR_SSL_WRONG_VERSION_NUMBER\"}"}
{"asctime":"2025-10-30 23:35:43","level":"ERROR","service":"QueryGenie Server","message":"PDF Parser failed with error {\"library\":\"SSL routines\",\"reason\":\"wrong version number\",\"code\":\"ERR_SSL_WRONG_VERSION_NUMBER\"}"}
{"asctime":"2025-10-30 23:35:44","level":"ERROR","service":"QueryGenie Server","message":"File Processing worker failed with error {\"library\":\"SSL routines\",\"reason\":\"wrong version number\",\"code\":\"ERR_SSL_WRONG_VERSION_NUMBER\"}"}
{"asctime":"2025-10-30 23:35:44","level":"ERROR","service":"QueryGenie Server","message":"File Processing worker failed with error {\"library\":\"SSL routines\",\"reason\":\"wrong version number\",\"code\":\"ERR_SSL_WRONG_VERSION_NUMBER\"}"}
{"asctime":"2025-10-30 23:35:44","level":"ERROR","service":"QueryGenie Server","message":"PDF Parser failed with error {\"library\":\"SSL routines\",\"reason\":\"wrong version number\",\"code\":\"ERR_SSL_WRONG_VERSION_NUMBER\"}"}
{"asctime":"2025-10-30 23:35:44","level":"ERROR","service":"QueryGenie Server","message":"PDF Parser failed with error {\"library\":\"SSL routines\",\"reason\":\"wrong version number\",\"code\":\"ERR_SSL_WRONG_VERSION_NUMBER\"}"}
{"asctime":"2025-10-30 23:35:45","level":"ERROR","service":"QueryGenie Server","message":"File Processing worker failed with error {\"library\":\"SSL routines\",\"reason\":\"wrong version number\",\"code\":\"ERR_SSL_WRONG_VERSION_NUMBER\"}"}
{"asctime":"2025-10-30 23:35:45","level":"ERROR","service":"QueryGenie Server","message":"PDF Parser failed with error {\"library\":\"SSL routines\",\"reason\":\"wrong version number\",\"code\":\"ERR_SSL_WRONG_VERSION_NUMBER\"}"}
{"asctime":"2025-10-30 23:35:45","level":"ERROR","service":"QueryGenie Server","message":"File Processing worker failed with error {\"library\":\"SSL routines\",\"reason\":\"wrong version number\",\"code\":\"ERR_SSL_WRONG_VERSION_NUMBER\"}"}
{"asctime":"2025-10-30 23:35:45","level":"ERROR","service":"QueryGenie Server","message":"PDF Parser failed with error {\"library\":\"SSL routines\",\"reason\":\"wrong version number\",\"code\":\"ERR_SSL_WRONG_VERSION_NUMBER\"}"}
{"asctime":"2025-10-30 23:35:46","level":"ERROR","service":"QueryGenie Server","message":"File Processing worker failed with error {\"library\":\"SSL routines\",\"reason\":\"wrong version number\",\"code\":\"ERR_SSL_WRONG_VERSION_NUMBER\"}"}
{"asctime":"2025-10-30 23:35:46","level":"ERROR","service":"QueryGenie Server","message":"PDF Parser failed with error {\"library\":\"SSL routines\",\"reason\":\"wrong version number\",\"code\":\"ERR_SSL_WRONG_VERSION_NUMBER\"}"}
{"asctime":"2025-10-30 23:35:46","level":"ERROR","service":"QueryGenie Server","message":"File Processing worker failed with error {\"library\":\"SSL routines\",\"reason\":\"wrong version number\",\"code\":\"ERR_SSL_WRONG_VERSION_NUMBER\"}"}
{"asctime":"2025-10-30 23:35:46","level":"ERROR","service":"QueryGenie Server","message":"PDF Parser failed with error {\"library\":\"SSL routines\",\"reason\":\"wrong version number\",\"code\":\"ERR_SSL_WRONG_VERSION_NUMBER\"}"}
{"asctime":"2025-10-30 23:35:47","level":"ERROR","service":"QueryGenie Server","message":"File Processing worker failed with error {\"library\":\"SSL routines\",\"reason\":\"wrong version number\",\"code\":\"ERR_SSL_WRONG_VERSION_NUMBER\"}"}
{"asctime":"2025-10-30 23:35:47","level":"ERROR","service":"QueryGenie Server","message":"PDF Parser failed with error {\"library\":\"SSL routines\",\"reason\":\"wrong version number\",\"code\":\"ERR_SSL_WRONG_VERSION_NUMBER\"}"}
{"asctime":"2025-10-30 23:35:47","level":"ERROR","service":"QueryGenie Server","message":"File Processing worker failed with error {\"library\":\"SSL routines\",\"reason\":\"wrong version number\",\"code\":\"ERR_SSL_WRONG_VERSION_NUMBER\"}"}
{"asctime":"2025-10-30 23:35:47","level":"ERROR","service":"QueryGenie Server","message":"PDF Parser failed with error {\"library\":\"SSL routines\",\"reason\":\"wrong version number\",\"code\":\"ERR_SSL_WRONG_VERSION_NUMBER\"}"}
{"asctime":"2025-10-30 23:35:48","level":"ERROR","service":"QueryGenie Server","message":"File Processing worker failed with error {\"library\":\"SSL routines\",\"reason\":\"wrong version number\",\"code\":\"ERR_SSL_WRONG_VERSION_NUMBER\"}"}
{"asctime":"2025-10-30 23:35:48","level":"ERROR","service":"QueryGenie Server","message":"PDF Parser failed with error {\"library\":\"SSL routines\",\"reason\":\"wrong version number\",\"code\":\"ERR_SSL_WRONG_VERSION_NUMBER\"}"}
{"asctime":"2025-10-30 23:35:48","level":"ERROR","service":"QueryGenie Server","message":"File Processing worker failed with error {\"library\":\"SSL routines\",\"reason\":\"wrong version number\",\"code\":\"ERR_SSL_WRONG_VERSION_NUMBER\"}"}
{"asctime":"2025-10-30 23:35:48","level":"ERROR","service":"QueryGenie Server","message":"PDF Parser failed with error {\"library\":\"SSL routines\",\"reason\":\"wrong version number\",\"code\":\"ERR_SSL_WRONG_VERSION_NUMBER\"}"}
{"asctime":"2025-10-30 23:35:49","level":"ERROR","service":"QueryGenie Server","message":"File Processing worker failed with error {\"library\":\"SSL routines\",\"reason\":\"wrong version number\",\"code\":\"ERR_SSL_WRONG_VERSION_NUMBER\"}"}
{"asctime":"2025-10-30 23:35:49","level":"ERROR","service":"QueryGenie Server","message":"File Processing worker failed with error {\"library\":\"SSL routines\",\"reason\":\"wrong version number\",\"code\":\"ERR_SSL_WRONG_VERSION_NUMBER\"}"}
{"asctime":"2025-10-30 23:35:49","level":"ERROR","service":"QueryGenie Server","message":"PDF Parser failed with error {\"library\":\"SSL routines\",\"reason\":\"wrong version number\",\"code\":\"ERR_SSL_WRONG_VERSION_NUMBER\"}"}
{"asctime":"2025-10-30 23:35:50","level":"ERROR","service":"QueryGenie Server","message":"PDF Parser failed with error {\"library\":\"SSL routines\",\"reason\":\"wrong version number\",\"code\":\"ERR_SSL_WRONG_VERSION_NUMBER\"}"}
{"asctime":"2025-10-30 23:35:50","level":"ERROR","service":"QueryGenie Server","message":"File Processing worker failed with error {\"library\":\"SSL routines\",\"reason\":\"wrong version number\",\"code\":\"ERR_SSL_WRONG_VERSION_NUMBER\"}"}
{"asctime":"2025-10-30 23:35:50","level":"ERROR","service":"QueryGenie Server","message":"File Processing worker failed with error {\"library\":\"SSL routines\",\"reason\":\"wrong version number\",\"code\":\"ERR_SSL_WRONG_VERSION_NUMBER\"}"}
{"asctime":"2025-10-30 23:35:50","level":"ERROR","service":"QueryGenie Server","message":"PDF Parser failed with error {\"library\":\"SSL routines\",\"reason\":\"wrong version number\",\"code\":\"ERR_SSL_WRONG_VERSION_NUMBER\"}"}
{"asctime":"2025-10-30 23:35:51","level":"ERROR","service":"QueryGenie Server","message":"PDF Parser failed with error {\"library\":\"SSL routines\",\"reason\":\"wrong version number\",\"code\":\"ERR_SSL_WRONG_VERSION_NUMBER\"}"}
{"asctime":"2025-10-30 23:35:51","level":"ERROR","service":"QueryGenie Server","message":"File Processing worker failed with error {\"library\":\"SSL routines\",\"reason\":\"wrong version number\",\"code\":\"ERR_SSL_WRONG_VERSION_NUMBER\"}"}
{"asctime":"2025-10-30 23:35:52","level":"ERROR","service":"QueryGenie Server","message":"File Processing worker failed with error {\"library\":\"SSL routines\",\"reason\":\"wrong version number\",\"code\":\"ERR_SSL_WRONG_VERSION_NUMBER\"}"}
{"asctime":"2025-10-30 23:35:52","level":"ERROR","service":"QueryGenie Server","message":"PDF Parser failed with error {\"library\":\"SSL routines\",\"reason\":\"wrong version number\",\"code\":\"ERR_SSL_WRONG_VERSION_NUMBER\"}"}
{"asctime":"2025-10-30 23:35:52","level":"ERROR","service":"QueryGenie Server","message":"PDF Parser failed with error {\"library\":\"SSL routines\",\"reason\":\"wrong version number\",\"code\":\"ERR_SSL_WRONG_VERSION_NUMBER\"}"}
{"asctime":"2025-10-30 23:35:53","level":"ERROR","service":"QueryGenie Server","message":"File Processing worker failed with error {\"library\":\"SSL routines\",\"reason\":\"wrong version number\",\"code\":\"ERR_SSL_WRONG_VERSION_NUMBER\"}"}
{"asctime":"2025-10-30 23:35:53","level":"ERROR","service":"QueryGenie Server","message":"File Processing worker failed with error {\"library\":\"SSL routines\",\"reason\":\"wrong version number\",\"code\":\"ERR_SSL_WRONG_VERSION_NUMBER\"}"}
{"asctime":"2025-10-30 23:35:53","level":"ERROR","service":"QueryGenie Server","message":"PDF Parser failed with error {\"library\":\"SSL routines\",\"reason\":\"wrong version number\",\"code\":\"ERR_SSL_WRONG_VERSION_NUMBER\"}"}
{"asctime":"2025-10-30 23:35:54","level":"ERROR","service":"QueryGenie Server","message":"PDF Parser failed with error {\"library\":\"SSL routines\",\"reason\":\"wrong version number\",\"code\":\"ERR_SSL_WRONG_VERSION_NUMBER\"}"}
{"asctime":"2025-10-30 23:35:54","level":"ERROR","service":"QueryGenie Server","message":"File Processing worker failed with error {\"library\":\"SSL routines\",\"reason\":\"wrong version number\",\"code\":\"ERR_SSL_WRONG_VERSION_NUMBER\"}"}
{"asctime":"2025-10-30 23:35:54","level":"ERROR","service":"QueryGenie Server","message":"File Processing worker failed with error {\"library\":\"SSL routines\",\"reason\":\"wrong version number\",\"code\":\"ERR_SSL_WRONG_VERSION_NUMBER\"}"}
{"asctime":"2025-10-30 23:35:54","level":"ERROR","service":"QueryGenie Server","message":"PDF Parser failed with error {\"library\":\"SSL routines\",\"reason\":\"wrong version number\",\"code\":\"ERR_SSL_WRONG_VERSION_NUMBER\"}"}
{"asctime":"2025-10-30 23:35:55","level":"ERROR","service":"QueryGenie Server","message":"PDF Parser failed with error {\"library\":\"SSL routines\",\"reason\":\"wrong version number\",\"code\":\"ERR_SSL_WRONG_VERSION_NUMBER\"}"}
{"asctime":"2025-10-30 23:35:55","level":"ERROR","service":"QueryGenie Server","message":"File Processing worker failed with error {\"library\":\"SSL routines\",\"reason\":\"wrong version number\",\"code\":\"ERR_SSL_WRONG_VERSION_NUMBER\"}"}
{"asctime":"2025-10-30 23:35:56","level":"ERROR","service":"QueryGenie Server","message":"File Processing worker failed with error {\"library\":\"SSL routines\",\"reason\":\"wrong version number\",\"code\":\"ERR_SSL_WRONG_VERSION_NUMBER\"}"}
{"asctime":"2025-10-30 23:35:56","level":"ERROR","service":"QueryGenie Server","message":"PDF Parser failed with error {\"library\":\"SSL routines\",\"reason\":\"wrong version number\",\"code\":\"ERR_SSL_WRONG_VERSION_NUMBER\"}"}
{"asctime":"2025-10-30 23:35:56","level":"ERROR","service":"QueryGenie Server","message":"PDF Parser failed with error {\"library\":\"SSL routines\",\"reason\":\"wrong version number\",\"code\":\"ERR_SSL_WRONG_VERSION_NUMBER\"}"}
{"asctime":"2025-10-30 23:35:56","level":"ERROR","service":"QueryGenie Server","message":"File Processing worker failed with error {\"library\":\"SSL routines\",\"reason\":\"wrong version number\",\"code\":\"ERR_SSL_WRONG_VERSION_NUMBER\"}"}
{"asctime":"2025-10-30 23:35:57","level":"ERROR","service":"QueryGenie Server","message":"File Processing worker failed with error {\"library\":\"SSL routines\",\"reason\":\"wrong version number\",\"code\":\"ERR_SSL_WRONG_VERSION_NUMBER\"}"}
{"asctime":"2025-10-30 23:35:57","level":"ERROR","service":"QueryGenie Server","message":"PDF Parser failed with error {\"library\":\"SSL routines\",\"reason\":\"wrong version number\",\"code\":\"ERR_SSL_WRONG_VERSION_NUMBER\"}"}
{"asctime":"2025-10-30 23:35:58","level":"ERROR","service":"QueryGenie Server","message":"PDF Parser failed with error {\"library\":\"SSL routines\",\"reason\":\"wrong version number\",\"code\":\"ERR_SSL_WRONG_VERSION_NUMBER\"}"}
{"asctime":"2025-10-30 23:35:58","level":"ERROR","service":"QueryGenie Server","message":"File Processing worker failed with error {\"library\":\"SSL routines\",\"reason\":\"wrong version number\",\"code\":\"ERR_SSL_WRONG_VERSION_NUMBER\"}"}
{"asctime":"2025-10-30 23:35:58","level":"ERROR","service":"QueryGenie Server","message":"File Processing worker failed with error {\"library\":\"SSL routines\",\"reason\":\"wrong version number\",\"code\":\"ERR_SSL_WRONG_VERSION_NUMBER\"}"}
{"asctime":"2025-10-30 23:35:58","level":"ERROR","service":"QueryGenie Server","message":"PDF Parser failed with error {\"library\":\"SSL routines\",\"reason\":\"wrong version number\",\"code\":\"ERR_SSL_WRONG_VERSION_NUMBER\"}"}
{"asctime":"2025-10-30 23:35:59","level":"ERROR","service":"QueryGenie Server","message":"PDF Parser failed with error {\"library\":\"SSL routines\",\"reason\":\"wrong version number\",\"code\":\"ERR_SSL_WRONG_VERSION_NUMBER\"}"}
{"asctime":"2025-10-30 23:35:59","level":"ERROR","service":"QueryGenie Server","message":"File Processing worker failed with error {\"library\":\"SSL routines\",\"reason\":\"wrong version number\",\"code\":\"ERR_SSL_WRONG_VERSION_NUMBER\"}"}
{"asctime":"2025-10-30 23:36:00","level":"ERROR","service":"QueryGenie Server","message":"File Processing worker failed with error {\"library\":\"SSL routines\",\"reason\":\"wrong version number\",\"code\":\"ERR_SSL_WRONG_VERSION_NUMBER\"}"}
{"asctime":"2025-10-30 23:36:00","level":"ERROR","service":"QueryGenie Server","message":"PDF Parser failed with error {\"library\":\"SSL routines\",\"reason\":\"wrong version number\",\"code\":\"ERR_SSL_WRONG_VERSION_NUMBER\"}"}
{"asctime":"2025-10-30 23:36:01","level":"ERROR","service":"QueryGenie Server","message":"PDF Parser failed with error {\"library\":\"SSL routines\",\"reason\":\"wrong version number\",\"code\":\"ERR_SSL_WRONG_VERSION_NUMBER\"}"}
{"asctime":"2025-10-30 23:36:01","level":"ERROR","service":"QueryGenie Server","message":"File Processing worker failed with error {\"library\":\"SSL routines\",\"reason\":\"wrong version number\",\"code\":\"ERR_SSL_WRONG_VERSION_NUMBER\"}"}
{"asctime":"2025-10-30 23:36:01","level":"ERROR","service":"QueryGenie Server","message":"File Processing worker failed with error {\"library\":\"SSL routines\",\"reason\":\"wrong version number\",\"code\":\"ERR_SSL_WRONG_VERSION_NUMBER\"}"}
{"asctime":"2025-10-30 23:36:01","level":"ERROR","service":"QueryGenie Server","message":"PDF Parser failed with error {\"library\":\"SSL routines\",\"reason\":\"wrong version number\",\"code\":\"ERR_SSL_WRONG_VERSION_NUMBER\"}"}
{"asctime":"2025-10-30 23:36:02","level":"ERROR","service":"QueryGenie Server","message":"PDF Parser failed with error {\"library\":\"SSL routines\",\"reason\":\"wrong version number\",\"code\":\"ERR_SSL_WRONG_VERSION_NUMBER\"}"}
{"asctime":"2025-10-30 23:36:03","level":"ERROR","service":"QueryGenie Server","message":"File Processing worker failed with error {\"library\":\"SSL routines\",\"reason\":\"wrong version number\",\"code\":\"ERR_SSL_WRONG_VERSION_NUMBER\"}"}
{"asctime":"2025-10-30 23:36:03","level":"ERROR","service":"QueryGenie Server","message":"File Processing worker failed with error {\"library\":\"SSL routines\",\"reason\":\"wrong version number\",\"code\":\"ERR_SSL_WRONG_VERSION_NUMBER\"}"}
{"asctime":"2025-10-30 23:36:03","level":"ERROR","service":"QueryGenie Server","message":"PDF Parser failed with error {\"library\":\"SSL routines\",\"reason\":\"wrong version number\",\"code\":\"ERR_SSL_WRONG_VERSION_NUMBER\"}"}
{"asctime":"2025-10-30 23:36:04","level":"ERROR","service":"QueryGenie Server","message":"PDF Parser failed with error {\"library\":\"SSL routines\",\"reason\":\"wrong version number\",\"code\":\"ERR_SSL_WRONG_VERSION_NUMBER\"}"}
{"asctime":"2025-10-30 23:36:04","level":"ERROR","service":"QueryGenie Server","message":"File Processing worker failed with error {\"library\":\"SSL routines\",\"reason\":\"wrong version number\",\"code\":\"ERR_SSL_WRONG_VERSION_NUMBER\"}"}
{"asctime":"2025-10-30 23:36:05","level":"ERROR","service":"QueryGenie Server","message":"File Processing worker failed with error {\"library\":\"SSL routines\",\"reason\":\"wrong version number\",\"code\":\"ERR_SSL_WRONG_VERSION_NUMBER\"}"}
{"asctime":"2025-10-30 23:36:05","level":"ERROR","service":"QueryGenie Server","message":"PDF Parser failed with error {\"library\":\"SSL routines\",\"reason\":\"wrong version number\",\"code\":\"ERR_SSL_WRONG_VERSION_NUMBER\"}"}
{"asctime":"2025-10-30 23:36:05","level":"ERROR","service":"QueryGenie Server","message":"PDF Parser failed with error {\"library\":\"SSL routines\",\"reason\":\"wrong version number\",\"code\":\"ERR_SSL_WRONG_VERSION_NUMBER\"}"}
{"asctime":"2025-10-30 23:36:06","level":"ERROR","service":"QueryGenie Server","message":"File Processing worker failed with error {\"library\":\"SSL routines\",\"reason\":\"wrong version number\",\"code\":\"ERR_SSL_WRONG_VERSION_NUMBER\"}"}
{"asctime":"2025-10-30 23:36:06","level":"ERROR","service":"QueryGenie Server","message":"File Processing worker failed with error {\"library\":\"SSL routines\",\"reason\":\"wrong version number\",\"code\":\"ERR_SSL_WRONG_VERSION_NUMBER\"}"}
{"asctime":"2025-10-30 23:36:06","level":"ERROR","service":"QueryGenie Server","message":"PDF Parser failed with error {\"library\":\"SSL routines\",\"reason\":\"wrong version number\",\"code\":\"ERR_SSL_WRONG_VERSION_NUMBER\"}"}
{"asctime":"2025-10-30 23:36:07","level":"ERROR","service":"QueryGenie Server","message":"PDF Parser failed with error {\"library\":\"SSL routines\",\"reason\":\"wrong version number\",\"code\":\"ERR_SSL_WRONG_VERSION_NUMBER\"}"}
{"asctime":"2025-10-30 23:36:08","level":"ERROR","service":"QueryGenie Server","message":"File Processing worker failed with error {\"library\":\"SSL routines\",\"reason\":\"wrong version number\",\"code\":\"ERR_SSL_WRONG_VERSION_NUMBER\"}"}
{"asctime":"2025-10-30 23:36:08","level":"ERROR","service":"QueryGenie Server","message":"File Processing worker failed with error {\"library\":\"SSL routines\",\"reason\":\"wrong version number\",\"code\":\"ERR_SSL_WRONG_VERSION_NUMBER\"}"}
{"asctime":"2025-10-30 23:36:08","level":"ERROR","service":"QueryGenie Server","message":"PDF Parser failed with error {\"library\":\"SSL routines\",\"reason\":\"wrong version number\",\"code\":\"ERR_SSL_WRONG_VERSION_NUMBER\"}"}
{"asctime":"2025-10-30 23:36:09","level":"ERROR","service":"QueryGenie Server","message":"PDF Parser failed with error {\"library\":\"SSL routines\",\"reason\":\"wrong version number\",\"code\":\"ERR_SSL_WRONG_VERSION_NUMBER\"}"}
{"asctime":"2025-10-30 23:36:13","level":"INFO","service":"QueryGenie Server","message":"⚡ Server running on 3001"}
{"asctime":"2025-10-30 23:36:13","level":"ERROR","service":"QueryGenie Server","message":"PDF Parser failed with error {\"library\":\"SSL routines\",\"reason\":\"wrong version number\",\"code\":\"ERR_SSL_WRONG_VERSION_NUMBER\"}"}
{"asctime":"2025-10-30 23:36:13","level":"ERROR","service":"QueryGenie Server","message":"File Processing worker failed with error {\"library\":\"SSL routines\",\"reason\":\"wrong version number\",\"code\":\"ERR_SSL_WRONG_VERSION_NUMBER\"}"}
{"asctime":"2025-10-30 23:36:13","level":"ERROR","service":"QueryGenie Server","message":"PDF Parser failed with error {\"library\":\"SSL routines\",\"reason\":\"wrong version number\",\"code\":\"ERR_SSL_WRONG_VERSION_NUMBER\"}"}
{"asctime":"2025-10-30 23:36:13","level":"ERROR","service":"QueryGenie Server","message":"File Processing worker failed with error {\"library\":\"SSL routines\",\"reason\":\"wrong version number\",\"code\":\"ERR_SSL_WRONG_VERSION_NUMBER\"}"}
{"asctime":"2025-10-30 23:36:13","level":"ERROR","service":"QueryGenie Server","message":"PDF Parser failed with error {\"library\":\"SSL routines\",\"reason\":\"wrong version number\",\"code\":\"ERR_SSL_WRONG_VERSION_NUMBER\"}"}
{"asctime":"2025-10-30 23:36:13","level":"ERROR","service":"QueryGenie Server","message":"File Processing worker failed with error {\"library\":\"SSL routines\",\"reason\":\"wrong version number\",\"code\":\"ERR_SSL_WRONG_VERSION_NUMBER\"}"}
{"asctime":"2025-10-30 23:36:13","level":"ERROR","service":"QueryGenie Server","message":"PDF Parser failed with error {\"library\":\"SSL routines\",\"reason\":\"wrong version number\",\"code\":\"ERR_SSL_WRONG_VERSION_NUMBER\"}"}
{"asctime":"2025-10-30 23:36:13","level":"ERROR","service":"QueryGenie Server","message":"File Processing worker failed with error {\"library\":\"SSL routines\",\"reason\":\"wrong version number\",\"code\":\"ERR_SSL_WRONG_VERSION_NUMBER\"}"}
{"asctime":"2025-10-30 23:36:14","level":"ERROR","service":"QueryGenie Server","message":"File Processing worker failed with error {\"library\":\"SSL routines\",\"reason\":\"wrong version number\",\"code\":\"ERR_SSL_WRONG_VERSION_NUMBER\"}"}
{"asctime":"2025-10-30 23:36:14","level":"ERROR","service":"QueryGenie Server","message":"PDF Parser failed with error {\"library\":\"SSL routines\",\"reason\":\"wrong version number\",\"code\":\"ERR_SSL_WRONG_VERSION_NUMBER\"}"}
{"asctime":"2025-10-30 23:36:14","level":"ERROR","service":"QueryGenie Server","message":"PDF Parser failed with error {\"library\":\"SSL routines\",\"reason\":\"wrong version number\",\"code\":\"ERR_SSL_WRONG_VERSION_NUMBER\"}"}
{"asctime":"2025-10-30 23:36:14","level":"ERROR","service":"QueryGenie Server","message":"File Processing worker failed with error {\"library\":\"SSL routines\",\"reason\":\"wrong version number\",\"code\":\"ERR_SSL_WRONG_VERSION_NUMBER\"}"}
{"asctime":"2025-10-30 23:36:14","level":"ERROR","service":"QueryGenie Server","message":"File Processing worker failed with error {\"library\":\"SSL routines\",\"reason\":\"wrong version number\",\"code\":\"ERR_SSL_WRONG_VERSION_NUMBER\"}"}
{"asctime":"2025-10-30 23:36:14","level":"ERROR","service":"QueryGenie Server","message":"PDF Parser failed with error {\"library\":\"SSL routines\",\"reason\":\"wrong version number\",\"code\":\"ERR_SSL_WRONG_VERSION_NUMBER\"}"}
{"asctime":"2025-10-30 23:36:14","level":"ERROR","service":"QueryGenie Server","message":"File Processing worker failed with error {\"library\":\"SSL routines\",\"reason\":\"wrong version number\",\"code\":\"ERR_SSL_WRONG_VERSION_NUMBER\"}"}
{"asctime":"2025-10-30 23:36:14","level":"ERROR","service":"QueryGenie Server","message":"PDF Parser failed with error {\"library\":\"SSL routines\",\"reason\":\"wrong version number\",\"code\":\"ERR_SSL_WRONG_VERSION_NUMBER\"}"}
{"asctime":"2025-10-30 23:36:14","level":"ERROR","service":"QueryGenie Server","message":"File Processing worker failed with error {\"library\":\"SSL routines\",\"reason\":\"wrong version number\",\"code\":\"ERR_SSL_WRONG_VERSION_NUMBER\"}"}
{"asctime":"2025-10-30 23:36:14","level":"ERROR","service":"QueryGenie Server","message":"PDF Parser failed with error {\"library\":\"SSL routines\",\"reason\":\"wrong version number\",\"code\":\"ERR_SSL_WRONG_VERSION_NUMBER\"}"}
{"asctime":"2025-10-30 23:36:14","level":"ERROR","service":"QueryGenie Server","message":"File Processing worker failed with error {\"library\":\"SSL routines\",\"reason\":\"wrong version number\",\"code\":\"ERR_SSL_WRONG_VERSION_NUMBER\"}"}
{"asctime":"2025-10-30 23:36:14","level":"ERROR","service":"QueryGenie Server","message":"PDF Parser failed with error {\"library\":\"SSL routines\",\"reason\":\"wrong version number\",\"code\":\"ERR_SSL_WRONG_VERSION_NUMBER\"}"}
{"asctime":"2025-10-30 23:36:14","level":"ERROR","service":"QueryGenie Server","message":"PDF Parser failed with error {\"library\":\"SSL routines\",\"reason\":\"wrong version number\",\"code\":\"ERR_SSL_WRONG_VERSION_NUMBER\"}"}
{"asctime":"2025-10-30 23:36:14","level":"ERROR","service":"QueryGenie Server","message":"File Processing worker failed with error {\"library\":\"SSL routines\",\"reason\":\"wrong version number\",\"code\":\"ERR_SSL_WRONG_VERSION_NUMBER\"}"}
{"asctime":"2025-10-30 23:36:14","level":"ERROR","service":"QueryGenie Server","message":"PDF Parser failed with error {\"library\":\"SSL routines\",\"reason\":\"wrong version number\",\"code\":\"ERR_SSL_WRONG_VERSION_NUMBER\"}"}
{"asctime":"2025-10-30 23:36:14","level":"ERROR","service":"QueryGenie Server","message":"File Processing worker failed with error {\"library\":\"SSL routines\",\"reason\":\"wrong version number\",\"code\":\"ERR_SSL_WRONG_VERSION_NUMBER\"}"}
{"asctime":"2025-10-30 23:36:15","level":"ERROR","service":"QueryGenie Server","message":"File Processing worker failed with error {\"library\":\"SSL routines\",\"reason\":\"wrong version number\",\"code\":\"ERR_SSL_WRONG_VERSION_NUMBER\"}"}
{"asctime":"2025-10-30 23:36:15","level":"ERROR","service":"QueryGenie Server","message":"PDF Parser failed with error {\"library\":\"SSL routines\",\"reason\":\"wrong version number\",\"code\":\"ERR_SSL_WRONG_VERSION_NUMBER\"}"}
{"asctime":"2025-10-30 23:36:15","level":"ERROR","service":"QueryGenie Server","message":"PDF Parser failed with error {\"library\":\"SSL routines\",\"reason\":\"wrong version number\",\"code\":\"ERR_SSL_WRONG_VERSION_NUMBER\"}"}
{"asctime":"2025-10-30 23:36:15","level":"ERROR","service":"QueryGenie Server","message":"File Processing worker failed with error {\"library\":\"SSL routines\",\"reason\":\"wrong version number\",\"code\":\"ERR_SSL_WRONG_VERSION_NUMBER\"}"}
{"asctime":"2025-10-30 23:36:15","level":"ERROR","service":"QueryGenie Server","message":"File Processing worker failed with error {\"library\":\"SSL routines\",\"reason\":\"wrong version number\",\"code\":\"ERR_SSL_WRONG_VERSION_NUMBER\"}"}
{"asctime":"2025-10-30 23:36:15","level":"ERROR","service":"QueryGenie Server","message":"PDF Parser failed with error {\"library\":\"SSL routines\",\"reason\":\"wrong version number\",\"code\":\"ERR_SSL_WRONG_VERSION_NUMBER\"}"}
{"asctime":"2025-10-30 23:36:15","level":"ERROR","service":"QueryGenie Server","message":"PDF Parser failed with error {\"library\":\"SSL routines\",\"reason\":\"wrong version number\",\"code\":\"ERR_SSL_WRONG_VERSION_NUMBER\"}"}
{"asctime":"2025-10-30 23:36:15","level":"ERROR","service":"QueryGenie Server","message":"File Processing worker failed with error {\"library\":\"SSL routines\",\"reason\":\"wrong version number\",\"code\":\"ERR_SSL_WRONG_VERSION_NUMBER\"}"}
{"asctime":"2025-10-30 23:36:15","level":"ERROR","service":"QueryGenie Server","message":"File Processing worker failed with error {\"library\":\"SSL routines\",\"reason\":\"wrong version number\",\"code\":\"ERR_SSL_WRONG_VERSION_NUMBER\"}"}
{"asctime":"2025-10-30 23:36:15","level":"ERROR","service":"QueryGenie Server","message":"PDF Parser failed with error {\"library\":\"SSL routines\",\"reason\":\"wrong version number\",\"code\":\"ERR_SSL_WRONG_VERSION_NUMBER\"}"}
{"asctime":"2025-10-30 23:36:15","level":"ERROR","service":"QueryGenie Server","message":"File Processing worker failed with error {\"library\":\"SSL routines\",\"reason\":\"wrong version number\",\"code\":\"ERR_SSL_WRONG_VERSION_NUMBER\"}"}
{"asctime":"2025-10-30 23:36:15","level":"ERROR","service":"QueryGenie Server","message":"PDF Parser failed with error {\"library\":\"SSL routines\",\"reason\":\"wrong version number\",\"code\":\"ERR_SSL_WRONG_VERSION_NUMBER\"}"}
{"asctime":"2025-10-30 23:36:16","level":"ERROR","service":"QueryGenie Server","message":"File Processing worker failed with error {\"library\":\"SSL routines\",\"reason\":\"wrong version number\",\"code\":\"ERR_SSL_WRONG_VERSION_NUMBER\"}"}
{"asctime":"2025-10-30 23:36:16","level":"ERROR","service":"QueryGenie Server","message":"PDF Parser failed with error {\"library\":\"SSL routines\",\"reason\":\"wrong version number\",\"code\":\"ERR_SSL_WRONG_VERSION_NUMBER\"}"}
{"asctime":"2025-10-30 23:36:16","level":"ERROR","service":"QueryGenie Server","message":"File Processing worker failed with error {\"library\":\"SSL routines\",\"reason\":\"wrong version number\",\"code\":\"ERR_SSL_WRONG_VERSION_NUMBER\"}"}
{"asctime":"2025-10-30 23:36:16","level":"ERROR","service":"QueryGenie Server","message":"PDF Parser failed with error {\"library\":\"SSL routines\",\"reason\":\"wrong version number\",\"code\":\"ERR_SSL_WRONG_VERSION_NUMBER\"}"}
{"asctime":"2025-10-30 23:36:16","level":"ERROR","service":"QueryGenie Server","message":"File Processing worker failed with error {\"library\":\"SSL routines\",\"reason\":\"wrong version number\",\"code\":\"ERR_SSL_WRONG_VERSION_NUMBER\"}"}
{"asctime":"2025-10-30 23:36:16","level":"ERROR","service":"QueryGenie Server","message":"PDF Parser failed with error {\"library\":\"SSL routines\",\"reason\":\"wrong version number\",\"code\":\"ERR_SSL_WRONG_VERSION_NUMBER\"}"}
{"asctime":"2025-10-30 23:36:16","level":"ERROR","service":"QueryGenie Server","message":"File Processing worker failed with error {\"library\":\"SSL routines\",\"reason\":\"wrong version number\",\"code\":\"ERR_SSL_WRONG_VERSION_NUMBER\"}"}
{"asctime":"2025-10-30 23:36:16","level":"ERROR","service":"QueryGenie Server","message":"PDF Parser failed with error {\"library\":\"SSL routines\",\"reason\":\"wrong version number\",\"code\":\"ERR_SSL_WRONG_VERSION_NUMBER\"}"}
{"asctime":"2025-10-30 23:36:17","level":"ERROR","service":"QueryGenie Server","message":"File Processing worker failed with error {\"library\":\"SSL routines\",\"reason\":\"wrong version number\",\"code\":\"ERR_SSL_WRONG_VERSION_NUMBER\"}"}
{"asctime":"2025-10-30 23:36:17","level":"ERROR","service":"QueryGenie Server","message":"PDF Parser failed with error {\"library\":\"SSL routines\",\"reason\":\"wrong version number\",\"code\":\"ERR_SSL_WRONG_VERSION_NUMBER\"}"}
{"asctime":"2025-10-30 23:36:17","level":"ERROR","service":"QueryGenie Server","message":"File Processing worker failed with error {\"library\":\"SSL routines\",\"reason\":\"wrong version number\",\"code\":\"ERR_SSL_WRONG_VERSION_NUMBER\"}"}
{"asctime":"2025-10-30 23:36:17","level":"ERROR","service":"QueryGenie Server","message":"PDF Parser failed with error {\"library\":\"SSL routines\",\"reason\":\"wrong version number\",\"code\":\"ERR_SSL_WRONG_VERSION_NUMBER\"}"}
{"asctime":"2025-10-30 23:36:18","level":"ERROR","service":"QueryGenie Server","message":"File Processing worker failed with error {\"library\":\"SSL routines\",\"reason\":\"wrong version number\",\"code\":\"ERR_SSL_WRONG_VERSION_NUMBER\"}"}
{"asctime":"2025-10-30 23:36:18","level":"ERROR","service":"QueryGenie Server","message":"PDF Parser failed with error {\"library\":\"SSL routines\",\"reason\":\"wrong version number\",\"code\":\"ERR_SSL_WRONG_VERSION_NUMBER\"}"}
{"asctime":"2025-10-30 23:36:18","level":"ERROR","service":"QueryGenie Server","message":"File Processing worker failed with error {\"library\":\"SSL routines\",\"reason\":\"wrong version number\",\"code\":\"ERR_SSL_WRONG_VERSION_NUMBER\"}"}
{"asctime":"2025-10-30 23:36:18","level":"ERROR","service":"QueryGenie Server","message":"PDF Parser failed with error {\"library\":\"SSL routines\",\"reason\":\"wrong version number\",\"code\":\"ERR_SSL_WRONG_VERSION_NUMBER\"}"}
{"asctime":"2025-10-30 23:36:18","level":"ERROR","service":"QueryGenie Server","message":"File Processing worker failed with error {\"library\":\"SSL routines\",\"reason\":\"wrong version number\",\"code\":\"ERR_SSL_WRONG_VERSION_NUMBER\"}"}
{"asctime":"2025-10-30 23:36:18","level":"ERROR","service":"QueryGenie Server","message":"PDF Parser failed with error {\"library\":\"SSL routines\",\"reason\":\"wrong version number\",\"code\":\"ERR_SSL_WRONG_VERSION_NUMBER\"}"}
{"asctime":"2025-10-30 23:36:18","level":"ERROR","service":"QueryGenie Server","message":"PDF Parser failed with error {\"library\":\"SSL routines\",\"reason\":\"wrong version number\",\"code\":\"ERR_SSL_WRONG_VERSION_NUMBER\"}"}
{"asctime":"2025-10-30 23:36:18","level":"ERROR","service":"QueryGenie Server","message":"File Processing worker failed with error {\"library\":\"SSL routines\",\"reason\":\"wrong version number\",\"code\":\"ERR_SSL_WRONG_VERSION_NUMBER\"}"}
{"asctime":"2025-10-30 23:36:19","level":"ERROR","service":"QueryGenie Server","message":"File Processing worker failed with error {\"library\":\"SSL routines\",\"reason\":\"wrong version number\",\"code\":\"ERR_SSL_WRONG_VERSION_NUMBER\"}"}
{"asctime":"2025-10-30 23:36:19","level":"ERROR","service":"QueryGenie Server","message":"PDF Parser failed with error {\"library\":\"SSL routines\",\"reason\":\"wrong version number\",\"code\":\"ERR_SSL_WRONG_VERSION_NUMBER\"}"}
{"asctime":"2025-10-30 23:36:19","level":"ERROR","service":"QueryGenie Server","message":"File Processing worker failed with error {\"library\":\"SSL routines\",\"reason\":\"wrong version number\",\"code\":\"ERR_SSL_WRONG_VERSION_NUMBER\"}"}
{"asctime":"2025-10-30 23:36:19","level":"ERROR","service":"QueryGenie Server","message":"PDF Parser failed with error {\"library\":\"SSL routines\",\"reason\":\"wrong version number\",\"code\":\"ERR_SSL_WRONG_VERSION_NUMBER\"}"}
{"asctime":"2025-10-30 23:36:20","level":"ERROR","service":"QueryGenie Server","message":"File Processing worker failed with error {\"library\":\"SSL routines\",\"reason\":\"wrong version number\",\"code\":\"ERR_SSL_WRONG_VERSION_NUMBER\"}"}
{"asctime":"2025-10-30 23:36:20","level":"ERROR","service":"QueryGenie Server","message":"PDF Parser failed with error {\"library\":\"SSL routines\",\"reason\":\"wrong version number\",\"code\":\"ERR_SSL_WRONG_VERSION_NUMBER\"}"}
{"asctime":"2025-10-30 23:36:20","level":"ERROR","service":"QueryGenie Server","message":"File Processing worker failed with error {\"library\":\"SSL routines\",\"reason\":\"wrong version number\",\"code\":\"ERR_SSL_WRONG_VERSION_NUMBER\"}"}
{"asctime":"2025-10-30 23:36:20","level":"ERROR","service":"QueryGenie Server","message":"PDF Parser failed with error {\"library\":\"SSL routines\",\"reason\":\"wrong version number\",\"code\":\"ERR_SSL_WRONG_VERSION_NUMBER\"}"}
{"asctime":"2025-10-30 23:36:21","level":"ERROR","service":"QueryGenie Server","message":"File Processing worker failed with error {\"library\":\"SSL routines\",\"reason\":\"wrong version number\",\"code\":\"ERR_SSL_WRONG_VERSION_NUMBER\"}"}
{"asctime":"2025-10-30 23:36:21","level":"ERROR","service":"QueryGenie Server","message":"PDF Parser failed with error {\"library\":\"SSL routines\",\"reason\":\"wrong version number\",\"code\":\"ERR_SSL_WRONG_VERSION_NUMBER\"}"}
{"asctime":"2025-10-30 23:36:21","level":"ERROR","service":"QueryGenie Server","message":"File Processing worker failed with error {\"library\":\"SSL routines\",\"reason\":\"wrong version number\",\"code\":\"ERR_SSL_WRONG_VERSION_NUMBER\"}"}
{"asctime":"2025-10-30 23:36:21","level":"ERROR","service":"QueryGenie Server","message":"PDF Parser failed with error {\"library\":\"SSL routines\",\"reason\":\"wrong version number\",\"code\":\"ERR_SSL_WRONG_VERSION_NUMBER\"}"}
{"asctime":"2025-10-30 23:36:21","level":"ERROR","service":"QueryGenie Server","message":"File Processing worker failed with error {\"library\":\"SSL routines\",\"reason\":\"wrong version number\",\"code\":\"ERR_SSL_WRONG_VERSION_NUMBER\"}"}
{"asctime":"2025-10-30 23:36:21","level":"ERROR","service":"QueryGenie Server","message":"PDF Parser failed with error {\"library\":\"SSL routines\",\"reason\":\"wrong version number\",\"code\":\"ERR_SSL_WRONG_VERSION_NUMBER\"}"}
{"asctime":"2025-10-30 23:36:21","level":"ERROR","service":"QueryGenie Server","message":"File Processing worker failed with error {\"library\":\"SSL routines\",\"reason\":\"wrong version number\",\"code\":\"ERR_SSL_WRONG_VERSION_NUMBER\"}"}
{"asctime":"2025-10-30 23:36:21","level":"ERROR","service":"QueryGenie Server","message":"PDF Parser failed with error {\"library\":\"SSL routines\",\"reason\":\"wrong version number\",\"code\":\"ERR_SSL_WRONG_VERSION_NUMBER\"}"}
{"asctime":"2025-10-30 23:36:22","level":"ERROR","service":"QueryGenie Server","message":"PDF Parser failed with error {\"library\":\"SSL routines\",\"reason\":\"wrong version number\",\"code\":\"ERR_SSL_WRONG_VERSION_NUMBER\"}"}
{"asctime":"2025-10-30 23:36:22","level":"ERROR","service":"QueryGenie Server","message":"File Processing worker failed with error {\"library\":\"SSL routines\",\"reason\":\"wrong version number\",\"code\":\"ERR_SSL_WRONG_VERSION_NUMBER\"}"}
{"asctime":"2025-10-30 23:36:22","level":"ERROR","service":"QueryGenie Server","message":"PDF Parser failed with error {\"library\":\"SSL routines\",\"reason\":\"wrong version number\",\"code\":\"ERR_SSL_WRONG_VERSION_NUMBER\"}"}
{"asctime":"2025-10-30 23:36:22","level":"ERROR","service":"QueryGenie Server","message":"File Processing worker failed with error {\"library\":\"SSL routines\",\"reason\":\"wrong version number\",\"code\":\"ERR_SSL_WRONG_VERSION_NUMBER\"}"}
{"asctime":"2025-10-30 23:36:23","level":"ERROR","service":"QueryGenie Server","message":"File Processing worker failed with error {\"library\":\"SSL routines\",\"reason\":\"wrong version number\",\"code\":\"ERR_SSL_WRONG_VERSION_NUMBER\"}"}
{"asctime":"2025-10-30 23:36:23","level":"ERROR","service":"QueryGenie Server","message":"PDF Parser failed with error {\"library\":\"SSL routines\",\"reason\":\"wrong version number\",\"code\":\"ERR_SSL_WRONG_VERSION_NUMBER\"}"}
{"asctime":"2025-10-30 23:36:23","level":"ERROR","service":"QueryGenie Server","message":"File Processing worker failed with error {\"library\":\"SSL routines\",\"reason\":\"wrong version number\",\"code\":\"ERR_SSL_WRONG_VERSION_NUMBER\"}"}
{"asctime":"2025-10-30 23:36:23","level":"ERROR","service":"QueryGenie Server","message":"PDF Parser failed with error {\"library\":\"SSL routines\",\"reason\":\"wrong version number\",\"code\":\"ERR_SSL_WRONG_VERSION_NUMBER\"}"}
{"asctime":"2025-10-30 23:36:24","level":"ERROR","service":"QueryGenie Server","message":"File Processing worker failed with error {\"library\":\"SSL routines\",\"reason\":\"wrong version number\",\"code\":\"ERR_SSL_WRONG_VERSION_NUMBER\"}"}
{"asctime":"2025-10-30 23:36:24","level":"ERROR","service":"QueryGenie Server","message":"PDF Parser failed with error {\"library\":\"SSL routines\",\"reason\":\"wrong version number\",\"code\":\"ERR_SSL_WRONG_VERSION_NUMBER\"}"}
{"asctime":"2025-10-30 23:36:24","level":"ERROR","service":"QueryGenie Server","message":"File Processing worker failed with error {\"library\":\"SSL routines\",\"reason\":\"wrong version number\",\"code\":\"ERR_SSL_WRONG_VERSION_NUMBER\"}"}
{"asctime":"2025-10-30 23:36:24","level":"ERROR","service":"QueryGenie Server","message":"PDF Parser failed with error {\"library\":\"SSL routines\",\"reason\":\"wrong version number\",\"code\":\"ERR_SSL_WRONG_VERSION_NUMBER\"}"}
{"asctime":"2025-10-30 23:36:25","level":"ERROR","service":"QueryGenie Server","message":"File Processing worker failed with error {\"errno\":-3008,\"code\":\"ENOTFOUND\",\"syscall\":\"getaddrinfo\",\"hostname\":\"redis-17428.c330.asia-south1-1.gce.redns.redis-cloud.com\"}"}
{"asctime":"2025-10-30 23:36:25","level":"ERROR","service":"QueryGenie Server","message":"File Processing worker failed with error {\"library\":\"SSL routines\",\"reason\":\"wrong version number\",\"code\":\"ERR_SSL_WRONG_VERSION_NUMBER\"}"}
{"asctime":"2025-10-30 23:36:25","level":"ERROR","service":"QueryGenie Server","message":"PDF Parser failed with error {\"library\":\"SSL routines\",\"reason\":\"wrong version number\",\"code\":\"ERR_SSL_WRONG_VERSION_NUMBER\"}"}
{"asctime":"2025-10-30 23:36:25","level":"ERROR","service":"QueryGenie Server","message":"PDF Parser failed with error {\"library\":\"SSL routines\",\"reason\":\"wrong version number\",\"code\":\"ERR_SSL_WRONG_VERSION_NUMBER\"}"}
{"asctime":"2025-10-30 23:36:27","level":"ERROR","service":"QueryGenie Server","message":"File Processing worker failed with error {\"library\":\"SSL routines\",\"reason\":\"wrong version number\",\"code\":\"ERR_SSL_WRONG_VERSION_NUMBER\"}"}
{"asctime":"2025-10-30 23:36:27","level":"ERROR","service":"QueryGenie Server","message":"PDF Parser failed with error {\"library\":\"SSL routines\",\"reason\":\"wrong version number\",\"code\":\"ERR_SSL_WRONG_VERSION_NUMBER\"}"}
{"asctime":"2025-10-30 23:36:27","level":"ERROR","service":"QueryGenie Server","message":"File Processing worker failed with error {\"library\":\"SSL routines\",\"reason\":\"wrong version number\",\"code\":\"ERR_SSL_WRONG_VERSION_NUMBER\"}"}
{"asctime":"2025-10-30 23:36:27","level":"ERROR","service":"QueryGenie Server","message":"PDF Parser failed with error {\"library\":\"SSL routines\",\"reason\":\"wrong version number\",\"code\":\"ERR_SSL_WRONG_VERSION_NUMBER\"}"}
{"asctime":"2025-10-30 23:36:28","level":"ERROR","service":"QueryGenie Server","message":"File Processing worker failed with error {\"library\":\"SSL routines\",\"reason\":\"wrong version number\",\"code\":\"ERR_SSL_WRONG_VERSION_NUMBER\"}"}
{"asctime":"2025-10-30 23:36:28","level":"ERROR","service":"QueryGenie Server","message":"PDF Parser failed with error {\"library\":\"SSL routines\",\"reason\":\"wrong version number\",\"code\":\"ERR_SSL_WRONG_VERSION_NUMBER\"}"}
{"asctime":"2025-10-30 23:36:28","level":"ERROR","service":"QueryGenie Server","message":"File Processing worker failed with error {\"library\":\"SSL routines\",\"reason\":\"wrong version number\",\"code\":\"ERR_SSL_WRONG_VERSION_NUMBER\"}"}
{"asctime":"2025-10-30 23:36:28","level":"ERROR","service":"QueryGenie Server","message":"PDF Parser failed with error {\"library\":\"SSL routines\",\"reason\":\"wrong version number\",\"code\":\"ERR_SSL_WRONG_VERSION_NUMBER\"}"}
{"asctime":"2025-10-30 23:36:29","level":"ERROR","service":"QueryGenie Server","message":"File Processing worker failed with error {\"library\":\"SSL routines\",\"reason\":\"wrong version number\",\"code\":\"ERR_SSL_WRONG_VERSION_NUMBER\"}"}
{"asctime":"2025-10-30 23:36:29","level":"ERROR","service":"QueryGenie Server","message":"PDF Parser failed with error {\"library\":\"SSL routines\",\"reason\":\"wrong version number\",\"code\":\"ERR_SSL_WRONG_VERSION_NUMBER\"}"}
{"asctime":"2025-10-30 23:36:29","level":"ERROR","service":"QueryGenie Server","message":"File Processing worker failed with error {\"library\":\"SSL routines\",\"reason\":\"wrong version number\",\"code\":\"ERR_SSL_WRONG_VERSION_NUMBER\"}"}
{"asctime":"2025-10-30 23:36:29","level":"ERROR","service":"QueryGenie Server","message":"PDF Parser failed with error {\"library\":\"SSL routines\",\"reason\":\"wrong version number\",\"code\":\"ERR_SSL_WRONG_VERSION_NUMBER\"}"}
{"asctime":"2025-10-30 23:36:30","level":"ERROR","service":"QueryGenie Server","message":"File Processing worker failed with error {\"library\":\"SSL routines\",\"reason\":\"wrong version number\",\"code\":\"ERR_SSL_WRONG_VERSION_NUMBER\"}"}
{"asctime":"2025-10-30 23:36:30","level":"ERROR","service":"QueryGenie Server","message":"PDF Parser failed with error {\"library\":\"SSL routines\",\"reason\":\"wrong version number\",\"code\":\"ERR_SSL_WRONG_VERSION_NUMBER\"}"}
{"asctime":"2025-10-30 23:36:30","level":"ERROR","service":"QueryGenie Server","message":"File Processing worker failed with error {\"library\":\"SSL routines\",\"reason\":\"wrong version number\",\"code\":\"ERR_SSL_WRONG_VERSION_NUMBER\"}"}
{"asctime":"2025-10-30 23:36:30","level":"ERROR","service":"QueryGenie Server","message":"PDF Parser failed with error {\"library\":\"SSL routines\",\"reason\":\"wrong version number\",\"code\":\"ERR_SSL_WRONG_VERSION_NUMBER\"}"}
{"asctime":"2025-10-30 23:36:32","level":"ERROR","service":"QueryGenie Server","message":"File Processing worker failed with error {\"library\":\"SSL routines\",\"reason\":\"wrong version number\",\"code\":\"ERR_SSL_WRONG_VERSION_NUMBER\"}"}
{"asctime":"2025-10-30 23:36:32","level":"ERROR","service":"QueryGenie Server","message":"PDF Parser failed with error {\"library\":\"SSL routines\",\"reason\":\"wrong version number\",\"code\":\"ERR_SSL_WRONG_VERSION_NUMBER\"}"}
{"asctime":"2025-10-30 23:36:32","level":"ERROR","service":"QueryGenie Server","message":"PDF Parser failed with error {\"library\":\"SSL routines\",\"reason\":\"wrong version number\",\"code\":\"ERR_SSL_WRONG_VERSION_NUMBER\"}"}
{"asctime":"2025-10-30 23:36:32","level":"ERROR","service":"QueryGenie Server","message":"File Processing worker failed with error {\"library\":\"SSL routines\",\"reason\":\"wrong version number\",\"code\":\"ERR_SSL_WRONG_VERSION_NUMBER\"}"}
{"asctime":"2025-10-30 23:36:33","level":"ERROR","service":"QueryGenie Server","message":"File Processing worker failed with error {\"library\":\"SSL routines\",\"reason\":\"wrong version number\",\"code\":\"ERR_SSL_WRONG_VERSION_NUMBER\"}"}
{"asctime":"2025-10-30 23:36:33","level":"ERROR","service":"QueryGenie Server","message":"PDF Parser failed with error {\"library\":\"SSL routines\",\"reason\":\"wrong version number\",\"code\":\"ERR_SSL_WRONG_VERSION_NUMBER\"}"}
{"asctime":"2025-10-30 23:36:33","level":"ERROR","service":"QueryGenie Server","message":"PDF Parser failed with error {\"library\":\"SSL routines\",\"reason\":\"wrong version number\",\"code\":\"ERR_SSL_WRONG_VERSION_NUMBER\"}"}
{"asctime":"2025-10-30 23:36:33","level":"ERROR","service":"QueryGenie Server","message":"File Processing worker failed with error {\"library\":\"SSL routines\",\"reason\":\"wrong version number\",\"code\":\"ERR_SSL_WRONG_VERSION_NUMBER\"}"}
{"asctime":"2025-10-30 23:36:34","level":"ERROR","service":"QueryGenie Server","message":"File Processing worker failed with error {\"library\":\"SSL routines\",\"reason\":\"wrong version number\",\"code\":\"ERR_SSL_WRONG_VERSION_NUMBER\"}"}
{"asctime":"2025-10-30 23:36:34","level":"ERROR","service":"QueryGenie Server","message":"File Processing worker failed with error {\"library\":\"SSL routines\",\"reason\":\"wrong version number\",\"code\":\"ERR_SSL_WRONG_VERSION_NUMBER\"}"}
{"asctime":"2025-10-30 23:36:34","level":"ERROR","service":"QueryGenie Server","message":"PDF Parser failed with error {\"library\":\"SSL routines\",\"reason\":\"wrong version number\",\"code\":\"ERR_SSL_WRONG_VERSION_NUMBER\"}"}
{"asctime":"2025-10-30 23:36:34","level":"ERROR","service":"QueryGenie Server","message":"PDF Parser failed with error {\"library\":\"SSL routines\",\"reason\":\"wrong version number\",\"code\":\"ERR_SSL_WRONG_VERSION_NUMBER\"}"}
{"asctime":"2025-10-30 23:36:37","level":"ERROR","service":"QueryGenie Server","message":"PDF Parser failed with error {\"library\":\"SSL routines\",\"reason\":\"wrong version number\",\"code\":\"ERR_SSL_WRONG_VERSION_NUMBER\"}"}
{"asctime":"2025-10-30 23:36:37","level":"ERROR","service":"QueryGenie Server","message":"File Processing worker failed with error {\"library\":\"SSL routines\",\"reason\":\"wrong version number\",\"code\":\"ERR_SSL_WRONG_VERSION_NUMBER\"}"}
{"asctime":"2025-10-30 23:36:37","level":"ERROR","service":"QueryGenie Server","message":"File Processing worker failed with error {\"library\":\"SSL routines\",\"reason\":\"wrong version number\",\"code\":\"ERR_SSL_WRONG_VERSION_NUMBER\"}"}
{"asctime":"2025-10-30 23:36:37","level":"ERROR","service":"QueryGenie Server","message":"PDF Parser failed with error {\"library\":\"SSL routines\",\"reason\":\"wrong version number\",\"code\":\"ERR_SSL_WRONG_VERSION_NUMBER\"}"}
{"asctime":"2025-10-30 23:36:38","level":"ERROR","service":"QueryGenie Server","message":"PDF Parser failed with error {\"library\":\"SSL routines\",\"reason\":\"wrong version number\",\"code\":\"ERR_SSL_WRONG_VERSION_NUMBER\"}"}
{"asctime":"2025-10-30 23:36:38","level":"ERROR","service":"QueryGenie Server","message":"File Processing worker failed with error {\"library\":\"SSL routines\",\"reason\":\"wrong version number\",\"code\":\"ERR_SSL_WRONG_VERSION_NUMBER\"}"}
{"asctime":"2025-10-30 23:36:38","level":"ERROR","service":"QueryGenie Server","message":"PDF Parser failed with error {\"library\":\"SSL routines\",\"reason\":\"wrong version number\",\"code\":\"ERR_SSL_WRONG_VERSION_NUMBER\"}"}
{"asctime":"2025-10-30 23:36:38","level":"ERROR","service":"QueryGenie Server","message":"File Processing worker failed with error {\"library\":\"SSL routines\",\"reason\":\"wrong version number\",\"code\":\"ERR_SSL_WRONG_VERSION_NUMBER\"}"}
{"asctime":"2025-10-30 23:36:40","level":"ERROR","service":"QueryGenie Server","message":"PDF Parser failed with error {\"library\":\"SSL routines\",\"reason\":\"wrong version number\",\"code\":\"ERR_SSL_WRONG_VERSION_NUMBER\"}"}
{"asctime":"2025-10-30 23:36:40","level":"ERROR","service":"QueryGenie Server","message":"File Processing worker failed with error {\"library\":\"SSL routines\",\"reason\":\"wrong version number\",\"code\":\"ERR_SSL_WRONG_VERSION_NUMBER\"}"}
{"asctime":"2025-10-30 23:36:40","level":"ERROR","service":"QueryGenie Server","message":"File Processing worker failed with error {\"library\":\"SSL routines\",\"reason\":\"wrong version number\",\"code\":\"ERR_SSL_WRONG_VERSION_NUMBER\"}"}
{"asctime":"2025-10-30 23:36:40","level":"ERROR","service":"QueryGenie Server","message":"PDF Parser failed with error {\"library\":\"SSL routines\",\"reason\":\"wrong version number\",\"code\":\"ERR_SSL_WRONG_VERSION_NUMBER\"}"}
{"asctime":"2025-10-30 23:36:42","level":"ERROR","service":"QueryGenie Server","message":"PDF Parser failed with error {\"library\":\"SSL routines\",\"reason\":\"wrong version number\",\"code\":\"ERR_SSL_WRONG_VERSION_NUMBER\"}"}
{"asctime":"2025-10-30 23:36:42","level":"ERROR","service":"QueryGenie Server","message":"File Processing worker failed with error {\"library\":\"SSL routines\",\"reason\":\"wrong version number\",\"code\":\"ERR_SSL_WRONG_VERSION_NUMBER\"}"}
{"asctime":"2025-10-30 23:36:42","level":"ERROR","service":"QueryGenie Server","message":"PDF Parser failed with error {\"library\":\"SSL routines\",\"reason\":\"wrong version number\",\"code\":\"ERR_SSL_WRONG_VERSION_NUMBER\"}"}
{"asctime":"2025-10-30 23:36:42","level":"ERROR","service":"QueryGenie Server","message":"File Processing worker failed with error {\"library\":\"SSL routines\",\"reason\":\"wrong version number\",\"code\":\"ERR_SSL_WRONG_VERSION_NUMBER\"}"}
{"asctime":"2025-10-30 23:36:43","level":"ERROR","service":"QueryGenie Server","message":"PDF Parser failed with error {\"library\":\"SSL routines\",\"reason\":\"wrong version number\",\"code\":\"ERR_SSL_WRONG_VERSION_NUMBER\"}"}
{"asctime":"2025-10-30 23:36:43","level":"ERROR","service":"QueryGenie Server","message":"File Processing worker failed with error {\"library\":\"SSL routines\",\"reason\":\"wrong version number\",\"code\":\"ERR_SSL_WRONG_VERSION_NUMBER\"}"}
{"asctime":"2025-10-30 23:36:43","level":"ERROR","service":"QueryGenie Server","message":"PDF Parser failed with error {\"library\":\"SSL routines\",\"reason\":\"wrong version number\",\"code\":\"ERR_SSL_WRONG_VERSION_NUMBER\"}"}
{"asctime":"2025-10-30 23:36:43","level":"ERROR","service":"QueryGenie Server","message":"File Processing worker failed with error {\"library\":\"SSL routines\",\"reason\":\"wrong version number\",\"code\":\"ERR_SSL_WRONG_VERSION_NUMBER\"}"}
{"asctime":"2025-10-30 23:36:45","level":"ERROR","service":"QueryGenie Server","message":"File Processing worker failed with error {\"library\":\"SSL routines\",\"reason\":\"wrong version number\",\"code\":\"ERR_SSL_WRONG_VERSION_NUMBER\"}"}
{"asctime":"2025-10-30 23:36:45","level":"ERROR","service":"QueryGenie Server","message":"PDF Parser failed with error {\"library\":\"SSL routines\",\"reason\":\"wrong version number\",\"code\":\"ERR_SSL_WRONG_VERSION_NUMBER\"}"}
{"asctime":"2025-10-30 23:36:45","level":"ERROR","service":"QueryGenie Server","message":"File Processing worker failed with error {\"library\":\"SSL routines\",\"reason\":\"wrong version number\",\"code\":\"ERR_SSL_WRONG_VERSION_NUMBER\"}"}
{"asctime":"2025-10-30 23:36:45","level":"ERROR","service":"QueryGenie Server","message":"PDF Parser failed with error {\"library\":\"SSL routines\",\"reason\":\"wrong version number\",\"code\":\"ERR_SSL_WRONG_VERSION_NUMBER\"}"}
{"asctime":"2025-10-30 23:36:47","level":"ERROR","service":"QueryGenie Server","message":"File Processing worker failed with error {\"library\":\"SSL routines\",\"reason\":\"wrong version number\",\"code\":\"ERR_SSL_WRONG_VERSION_NUMBER\"}"}
{"asctime":"2025-10-30 23:36:47","level":"ERROR","service":"QueryGenie Server","message":"PDF Parser failed with error {\"library\":\"SSL routines\",\"reason\":\"wrong version number\",\"code\":\"ERR_SSL_WRONG_VERSION_NUMBER\"}"}
{"asctime":"2025-10-30 23:36:47","level":"ERROR","service":"QueryGenie Server","message":"File Processing worker failed with error {\"library\":\"SSL routines\",\"reason\":\"wrong version number\",\"code\":\"ERR_SSL_WRONG_VERSION_NUMBER\"}"}
{"asctime":"2025-10-30 23:36:47","level":"ERROR","service":"QueryGenie Server","message":"PDF Parser failed with error {\"library\":\"SSL routines\",\"reason\":\"wrong version number\",\"code\":\"ERR_SSL_WRONG_VERSION_NUMBER\"}"}
{"asctime":"2025-10-30 23:36:49","level":"ERROR","service":"QueryGenie Server","message":"PDF Parser failed with error {\"library\":\"SSL routines\",\"reason\":\"wrong version number\",\"code\":\"ERR_SSL_WRONG_VERSION_NUMBER\"}"}
{"asctime":"2025-10-30 23:36:49","level":"ERROR","service":"QueryGenie Server","message":"File Processing worker failed with error {\"library\":\"SSL routines\",\"reason\":\"wrong version number\",\"code\":\"ERR_SSL_WRONG_VERSION_NUMBER\"}"}
{"asctime":"2025-10-30 23:36:49","level":"ERROR","service":"QueryGenie Server","message":"File Processing worker failed with error {\"library\":\"SSL routines\",\"reason\":\"wrong version number\",\"code\":\"ERR_SSL_WRONG_VERSION_NUMBER\"}"}
{"asctime":"2025-10-30 23:36:49","level":"ERROR","service":"QueryGenie Server","message":"PDF Parser failed with error {\"library\":\"SSL routines\",\"reason\":\"wrong version number\",\"code\":\"ERR_SSL_WRONG_VERSION_NUMBER\"}"}
{"asctime":"2025-10-30 23:36:51","level":"ERROR","service":"QueryGenie Server","message":"File Processing worker failed with error {\"library\":\"SSL routines\",\"reason\":\"wrong version number\",\"code\":\"ERR_SSL_WRONG_VERSION_NUMBER\"}"}
{"asctime":"2025-10-30 23:36:51","level":"ERROR","service":"QueryGenie Server","message":"PDF Parser failed with error {\"library\":\"SSL routines\",\"reason\":\"wrong version number\",\"code\":\"ERR_SSL_WRONG_VERSION_NUMBER\"}"}
{"asctime":"2025-10-30 23:36:51","level":"ERROR","service":"QueryGenie Server","message":"File Processing worker failed with error {\"library\":\"SSL routines\",\"reason\":\"wrong version number\",\"code\":\"ERR_SSL_WRONG_VERSION_NUMBER\"}"}
{"asctime":"2025-10-30 23:36:51","level":"ERROR","service":"QueryGenie Server","message":"PDF Parser failed with error {\"library\":\"SSL routines\",\"reason\":\"wrong version number\",\"code\":\"ERR_SSL_WRONG_VERSION_NUMBER\"}"}
{"asctime":"2025-10-30 23:36:52","level":"ERROR","service":"QueryGenie Server","message":"File Processing worker failed with error {\"library\":\"SSL routines\",\"reason\":\"wrong version number\",\"code\":\"ERR_SSL_WRONG_VERSION_NUMBER\"}"}
{"asctime":"2025-10-30 23:36:52","level":"ERROR","service":"QueryGenie Server","message":"PDF Parser failed with error {\"library\":\"SSL routines\",\"reason\":\"wrong version number\",\"code\":\"ERR_SSL_WRONG_VERSION_NUMBER\"}"}
{"asctime":"2025-10-30 23:36:52","level":"ERROR","service":"QueryGenie Server","message":"File Processing worker failed with error {\"library\":\"SSL routines\",\"reason\":\"wrong version number\",\"code\":\"ERR_SSL_WRONG_VERSION_NUMBER\"}"}
{"asctime":"2025-10-30 23:36:52","level":"ERROR","service":"QueryGenie Server","message":"PDF Parser failed with error {\"library\":\"SSL routines\",\"reason\":\"wrong version number\",\"code\":\"ERR_SSL_WRONG_VERSION_NUMBER\"}"}
{"asctime":"2025-10-30 23:36:54","level":"ERROR","service":"QueryGenie Server","message":"PDF Parser failed with error {\"library\":\"SSL routines\",\"reason\":\"wrong version number\",\"code\":\"ERR_SSL_WRONG_VERSION_NUMBER\"}"}
{"asctime":"2025-10-30 23:36:54","level":"ERROR","service":"QueryGenie Server","message":"File Processing worker failed with error {\"library\":\"SSL routines\",\"reason\":\"wrong version number\",\"code\":\"ERR_SSL_WRONG_VERSION_NUMBER\"}"}
{"asctime":"2025-10-30 23:36:54","level":"ERROR","service":"QueryGenie Server","message":"File Processing worker failed with error {\"library\":\"SSL routines\",\"reason\":\"wrong version number\",\"code\":\"ERR_SSL_WRONG_VERSION_NUMBER\"}"}
{"asctime":"2025-10-30 23:36:54","level":"ERROR","service":"QueryGenie Server","message":"PDF Parser failed with error {\"library\":\"SSL routines\",\"reason\":\"wrong version number\",\"code\":\"ERR_SSL_WRONG_VERSION_NUMBER\"}"}
{"asctime":"2025-10-30 23:36:57","level":"ERROR","service":"QueryGenie Server","message":"File Processing worker failed with error {\"library\":\"SSL routines\",\"reason\":\"wrong version number\",\"code\":\"ERR_SSL_WRONG_VERSION_NUMBER\"}"}
{"asctime":"2025-10-30 23:36:57","level":"ERROR","service":"QueryGenie Server","message":"PDF Parser failed with error {\"library\":\"SSL routines\",\"reason\":\"wrong version number\",\"code\":\"ERR_SSL_WRONG_VERSION_NUMBER\"}"}
{"asctime":"2025-10-30 23:36:57","level":"ERROR","service":"QueryGenie Server","message":"File Processing worker failed with error {\"library\":\"SSL routines\",\"reason\":\"wrong version number\",\"code\":\"ERR_SSL_WRONG_VERSION_NUMBER\"}"}
{"asctime":"2025-10-30 23:36:57","level":"ERROR","service":"QueryGenie Server","message":"PDF Parser failed with error {\"library\":\"SSL routines\",\"reason\":\"wrong version number\",\"code\":\"ERR_SSL_WRONG_VERSION_NUMBER\"}"}
{"asctime":"2025-10-30 23:36:59","level":"ERROR","service":"QueryGenie Server","message":"File Processing worker failed with error {\"library\":\"SSL routines\",\"reason\":\"wrong version number\",\"code\":\"ERR_SSL_WRONG_VERSION_NUMBER\"}"}
{"asctime":"2025-10-30 23:36:59","level":"ERROR","service":"QueryGenie Server","message":"File Processing worker failed with error {\"library\":\"SSL routines\",\"reason\":\"wrong version number\",\"code\":\"ERR_SSL_WRONG_VERSION_NUMBER\"}"}
{"asctime":"2025-10-30 23:36:59","level":"ERROR","service":"QueryGenie Server","message":"PDF Parser failed with error {\"library\":\"SSL routines\",\"reason\":\"wrong version number\",\"code\":\"ERR_SSL_WRONG_VERSION_NUMBER\"}"}
{"asctime":"2025-10-30 23:36:59","level":"ERROR","service":"QueryGenie Server","message":"PDF Parser failed with error {\"library\":\"SSL routines\",\"reason\":\"wrong version number\",\"code\":\"ERR_SSL_WRONG_VERSION_NUMBER\"}"}
{"asctime":"2025-10-30 23:37:01","level":"ERROR","service":"QueryGenie Server","message":"File Processing worker failed with error {\"errno\":-3008,\"code\":\"ENOTFOUND\",\"syscall\":\"getaddrinfo\",\"hostname\":\"redis-17428.c330.asia-south1-1.gce.redns.redis-cloud.com\"}"}
{"asctime":"2025-10-30 23:37:01","level":"ERROR","service":"QueryGenie Server","message":"File Processing worker failed with error {\"library\":\"SSL routines\",\"reason\":\"wrong version number\",\"code\":\"ERR_SSL_WRONG_VERSION_NUMBER\"}"}
{"asctime":"2025-10-30 23:37:01","level":"ERROR","service":"QueryGenie Server","message":"PDF Parser failed with error {\"library\":\"SSL routines\",\"reason\":\"wrong version number\",\"code\":\"ERR_SSL_WRONG_VERSION_NUMBER\"}"}
{"asctime":"2025-10-30 23:37:01","level":"ERROR","service":"QueryGenie Server","message":"PDF Parser failed with error {\"library\":\"SSL routines\",\"reason\":\"wrong version number\",\"code\":\"ERR_SSL_WRONG_VERSION_NUMBER\"}"}
{"asctime":"2025-10-30 23:37:03","level":"ERROR","service":"QueryGenie Server","message":"File Processing worker failed with error {\"library\":\"SSL routines\",\"reason\":\"wrong version number\",\"code\":\"ERR_SSL_WRONG_VERSION_NUMBER\"}"}
{"asctime":"2025-10-30 23:37:03","level":"ERROR","service":"QueryGenie Server","message":"PDF Parser failed with error {\"library\":\"SSL routines\",\"reason\":\"wrong version number\",\"code\":\"ERR_SSL_WRONG_VERSION_NUMBER\"}"}
{"asctime":"2025-10-30 23:37:03","level":"ERROR","service":"QueryGenie Server","message":"File Processing worker failed with error {\"library\":\"SSL routines\",\"reason\":\"wrong version number\",\"code\":\"ERR_SSL_WRONG_VERSION_NUMBER\"}"}
{"asctime":"2025-10-30 23:37:03","level":"ERROR","service":"QueryGenie Server","message":"PDF Parser failed with error {\"library\":\"SSL routines\",\"reason\":\"wrong version number\",\"code\":\"ERR_SSL_WRONG_VERSION_NUMBER\"}"}
{"asctime":"2025-10-30 23:37:05","level":"ERROR","service":"QueryGenie Server","message":"PDF Parser failed with error {\"library\":\"SSL routines\",\"reason\":\"wrong version number\",\"code\":\"ERR_SSL_WRONG_VERSION_NUMBER\"}"}
{"asctime":"2025-10-30 23:37:05","level":"ERROR","service":"QueryGenie Server","message":"File Processing worker failed with error {\"library\":\"SSL routines\",\"reason\":\"wrong version number\",\"code\":\"ERR_SSL_WRONG_VERSION_NUMBER\"}"}
{"asctime":"2025-10-30 23:37:05","level":"ERROR","service":"QueryGenie Server","message":"File Processing worker failed with error {\"library\":\"SSL routines\",\"reason\":\"wrong version number\",\"code\":\"ERR_SSL_WRONG_VERSION_NUMBER\"}"}
{"asctime":"2025-10-30 23:37:05","level":"ERROR","service":"QueryGenie Server","message":"PDF Parser failed with error {\"library\":\"SSL routines\",\"reason\":\"wrong version number\",\"code\":\"ERR_SSL_WRONG_VERSION_NUMBER\"}"}
{"asctime":"2025-10-30 23:37:07","level":"ERROR","service":"QueryGenie Server","message":"PDF Parser failed with error {\"library\":\"SSL routines\",\"reason\":\"wrong version number\",\"code\":\"ERR_SSL_WRONG_VERSION_NUMBER\"}"}
{"asctime":"2025-10-30 23:37:07","level":"ERROR","service":"QueryGenie Server","message":"File Processing worker failed with error {\"library\":\"SSL routines\",\"reason\":\"wrong version number\",\"code\":\"ERR_SSL_WRONG_VERSION_NUMBER\"}"}
{"asctime":"2025-10-30 23:37:07","level":"ERROR","service":"QueryGenie Server","message":"PDF Parser failed with error {\"library\":\"SSL routines\",\"reason\":\"wrong version number\",\"code\":\"ERR_SSL_WRONG_VERSION_NUMBER\"}"}
{"asctime":"2025-10-30 23:37:07","level":"ERROR","service":"QueryGenie Server","message":"File Processing worker failed with error {\"library\":\"SSL routines\",\"reason\":\"wrong version number\",\"code\":\"ERR_SSL_WRONG_VERSION_NUMBER\"}"}
{"asctime":"2025-10-30 23:37:09","level":"ERROR","service":"QueryGenie Server","message":"File Processing worker failed with error {\"library\":\"SSL routines\",\"reason\":\"wrong version number\",\"code\":\"ERR_SSL_WRONG_VERSION_NUMBER\"}"}
{"asctime":"2025-10-30 23:37:09","level":"ERROR","service":"QueryGenie Server","message":"PDF Parser failed with error {\"library\":\"SSL routines\",\"reason\":\"wrong version number\",\"code\":\"ERR_SSL_WRONG_VERSION_NUMBER\"}"}
{"asctime":"2025-10-30 23:37:09","level":"ERROR","service":"QueryGenie Server","message":"PDF Parser failed with error {\"library\":\"SSL routines\",\"reason\":\"wrong version number\",\"code\":\"ERR_SSL_WRONG_VERSION_NUMBER\"}"}
{"asctime":"2025-10-30 23:37:09","level":"ERROR","service":"QueryGenie Server","message":"File Processing worker failed with error {\"library\":\"SSL routines\",\"reason\":\"wrong version number\",\"code\":\"ERR_SSL_WRONG_VERSION_NUMBER\"}"}
{"asctime":"2025-10-30 23:37:11","level":"ERROR","service":"QueryGenie Server","message":"PDF Parser failed with error {\"library\":\"SSL routines\",\"reason\":\"wrong version number\",\"code\":\"ERR_SSL_WRONG_VERSION_NUMBER\"}"}
{"asctime":"2025-10-30 23:37:11","level":"ERROR","service":"QueryGenie Server","message":"File Processing worker failed with error {\"library\":\"SSL routines\",\"reason\":\"wrong version number\",\"code\":\"ERR_SSL_WRONG_VERSION_NUMBER\"}"}
{"asctime":"2025-10-30 23:37:11","level":"ERROR","service":"QueryGenie Server","message":"PDF Parser failed with error {\"library\":\"SSL routines\",\"reason\":\"wrong version number\",\"code\":\"ERR_SSL_WRONG_VERSION_NUMBER\"}"}
{"asctime":"2025-10-30 23:37:11","level":"ERROR","service":"QueryGenie Server","message":"File Processing worker failed with error {\"library\":\"SSL routines\",\"reason\":\"wrong version number\",\"code\":\"ERR_SSL_WRONG_VERSION_NUMBER\"}"}
{"asctime":"2025-10-30 23:37:13","level":"ERROR","service":"QueryGenie Server","message":"PDF Parser failed with error {\"library\":\"SSL routines\",\"reason\":\"wrong version number\",\"code\":\"ERR_SSL_WRONG_VERSION_NUMBER\"}"}
{"asctime":"2025-10-30 23:37:13","level":"ERROR","service":"QueryGenie Server","message":"File Processing worker failed with error {\"library\":\"SSL routines\",\"reason\":\"wrong version number\",\"code\":\"ERR_SSL_WRONG_VERSION_NUMBER\"}"}
{"asctime":"2025-10-30 23:37:13","level":"ERROR","service":"QueryGenie Server","message":"PDF Parser failed with error {\"library\":\"SSL routines\",\"reason\":\"wrong version number\",\"code\":\"ERR_SSL_WRONG_VERSION_NUMBER\"}"}
{"asctime":"2025-10-30 23:37:13","level":"ERROR","service":"QueryGenie Server","message":"File Processing worker failed with error {\"library\":\"SSL routines\",\"reason\":\"wrong version number\",\"code\":\"ERR_SSL_WRONG_VERSION_NUMBER\"}"}
{"asctime":"2025-10-30 23:37:15","level":"ERROR","service":"QueryGenie Server","message":"PDF Parser failed with error {\"library\":\"SSL routines\",\"reason\":\"wrong version number\",\"code\":\"ERR_SSL_WRONG_VERSION_NUMBER\"}"}
{"asctime":"2025-10-30 23:37:15","level":"ERROR","service":"QueryGenie Server","message":"File Processing worker failed with error {\"library\":\"SSL routines\",\"reason\":\"wrong version number\",\"code\":\"ERR_SSL_WRONG_VERSION_NUMBER\"}"}
{"asctime":"2025-10-30 23:37:15","level":"ERROR","service":"QueryGenie Server","message":"PDF Parser failed with error {\"library\":\"SSL routines\",\"reason\":\"wrong version number\",\"code\":\"ERR_SSL_WRONG_VERSION_NUMBER\"}"}
{"asctime":"2025-10-30 23:37:15","level":"ERROR","service":"QueryGenie Server","message":"File Processing worker failed with error {\"library\":\"SSL routines\",\"reason\":\"wrong version number\",\"code\":\"ERR_SSL_WRONG_VERSION_NUMBER\"}"}
{"asctime":"2025-10-30 23:37:17","level":"ERROR","service":"QueryGenie Server","message":"PDF Parser failed with error {\"library\":\"SSL routines\",\"reason\":\"wrong version number\",\"code\":\"ERR_SSL_WRONG_VERSION_NUMBER\"}"}
{"asctime":"2025-10-30 23:37:17","level":"ERROR","service":"QueryGenie Server","message":"File Processing worker failed with error {\"library\":\"SSL routines\",\"reason\":\"wrong version number\",\"code\":\"ERR_SSL_WRONG_VERSION_NUMBER\"}"}
{"asctime":"2025-10-30 23:37:17","level":"ERROR","service":"QueryGenie Server","message":"PDF Parser failed with error {\"library\":\"SSL routines\",\"reason\":\"wrong version number\",\"code\":\"ERR_SSL_WRONG_VERSION_NUMBER\"}"}
{"asctime":"2025-10-30 23:37:17","level":"ERROR","service":"QueryGenie Server","message":"File Processing worker failed with error {\"library\":\"SSL routines\",\"reason\":\"wrong version number\",\"code\":\"ERR_SSL_WRONG_VERSION_NUMBER\"}"}
{"asctime":"2025-10-30 23:37:19","level":"ERROR","service":"QueryGenie Server","message":"PDF Parser failed with error {\"library\":\"SSL routines\",\"reason\":\"wrong version number\",\"code\":\"ERR_SSL_WRONG_VERSION_NUMBER\"}"}
{"asctime":"2025-10-30 23:37:19","level":"ERROR","service":"QueryGenie Server","message":"File Processing worker failed with error {\"library\":\"SSL routines\",\"reason\":\"wrong version number\",\"code\":\"ERR_SSL_WRONG_VERSION_NUMBER\"}"}
{"asctime":"2025-10-30 23:37:19","level":"ERROR","service":"QueryGenie Server","message":"PDF Parser failed with error {\"library\":\"SSL routines\",\"reason\":\"wrong version number\",\"code\":\"ERR_SSL_WRONG_VERSION_NUMBER\"}"}
{"asctime":"2025-10-30 23:37:19","level":"ERROR","service":"QueryGenie Server","message":"File Processing worker failed with error {\"library\":\"SSL routines\",\"reason\":\"wrong version number\",\"code\":\"ERR_SSL_WRONG_VERSION_NUMBER\"}"}
{"asctime":"2025-10-30 23:37:21","level":"ERROR","service":"QueryGenie Server","message":"PDF Parser failed with error {\"library\":\"SSL routines\",\"reason\":\"wrong version number\",\"code\":\"ERR_SSL_WRONG_VERSION_NUMBER\"}"}
{"asctime":"2025-10-30 23:37:21","level":"ERROR","service":"QueryGenie Server","message":"File Processing worker failed with error {\"library\":\"SSL routines\",\"reason\":\"wrong version number\",\"code\":\"ERR_SSL_WRONG_VERSION_NUMBER\"}"}
{"asctime":"2025-10-30 23:37:21","level":"ERROR","service":"QueryGenie Server","message":"PDF Parser failed with error {\"library\":\"SSL routines\",\"reason\":\"wrong version number\",\"code\":\"ERR_SSL_WRONG_VERSION_NUMBER\"}"}
{"asctime":"2025-10-30 23:37:21","level":"ERROR","service":"QueryGenie Server","message":"File Processing worker failed with error {\"library\":\"SSL routines\",\"reason\":\"wrong version number\",\"code\":\"ERR_SSL_WRONG_VERSION_NUMBER\"}"}
{"asctime":"2025-10-30 23:37:23","level":"ERROR","service":"QueryGenie Server","message":"PDF Parser failed with error {\"library\":\"SSL routines\",\"reason\":\"wrong version number\",\"code\":\"ERR_SSL_WRONG_VERSION_NUMBER\"}"}
{"asctime":"2025-10-30 23:37:23","level":"ERROR","service":"QueryGenie Server","message":"File Processing worker failed with error {\"library\":\"SSL routines\",\"reason\":\"wrong version number\",\"code\":\"ERR_SSL_WRONG_VERSION_NUMBER\"}"}
{"asctime":"2025-10-30 23:37:23","level":"ERROR","service":"QueryGenie Server","message":"PDF Parser failed with error {\"library\":\"SSL routines\",\"reason\":\"wrong version number\",\"code\":\"ERR_SSL_WRONG_VERSION_NUMBER\"}"}
{"asctime":"2025-10-30 23:37:23","level":"ERROR","service":"QueryGenie Server","message":"File Processing worker failed with error {\"library\":\"SSL routines\",\"reason\":\"wrong version number\",\"code\":\"ERR_SSL_WRONG_VERSION_NUMBER\"}"}
{"asctime":"2025-10-30 23:37:25","level":"ERROR","service":"QueryGenie Server","message":"File Processing worker failed with error {\"library\":\"SSL routines\",\"reason\":\"wrong version number\",\"code\":\"ERR_SSL_WRONG_VERSION_NUMBER\"}"}
{"asctime":"2025-10-30 23:37:25","level":"ERROR","service":"QueryGenie Server","message":"File Processing worker failed with error {\"library\":\"SSL routines\",\"reason\":\"wrong version number\",\"code\":\"ERR_SSL_WRONG_VERSION_NUMBER\"}"}
{"asctime":"2025-10-30 23:37:25","level":"ERROR","service":"QueryGenie Server","message":"PDF Parser failed with error {\"library\":\"SSL routines\",\"reason\":\"wrong version number\",\"code\":\"ERR_SSL_WRONG_VERSION_NUMBER\"}"}
{"asctime":"2025-10-30 23:37:25","level":"ERROR","service":"QueryGenie Server","message":"PDF Parser failed with error {\"library\":\"SSL routines\",\"reason\":\"wrong version number\",\"code\":\"ERR_SSL_WRONG_VERSION_NUMBER\"}"}
{"asctime":"2025-10-30 23:37:27","level":"ERROR","service":"QueryGenie Server","message":"File Processing worker failed with error {\"library\":\"SSL routines\",\"reason\":\"wrong version number\",\"code\":\"ERR_SSL_WRONG_VERSION_NUMBER\"}"}
{"asctime":"2025-10-30 23:37:27","level":"ERROR","service":"QueryGenie Server","message":"PDF Parser failed with error {\"library\":\"SSL routines\",\"reason\":\"wrong version number\",\"code\":\"ERR_SSL_WRONG_VERSION_NUMBER\"}"}
{"asctime":"2025-10-30 23:37:27","level":"ERROR","service":"QueryGenie Server","message":"File Processing worker failed with error {\"library\":\"SSL routines\",\"reason\":\"wrong version number\",\"code\":\"ERR_SSL_WRONG_VERSION_NUMBER\"}"}
{"asctime":"2025-10-30 23:37:27","level":"ERROR","service":"QueryGenie Server","message":"PDF Parser failed with error {\"library\":\"SSL routines\",\"reason\":\"wrong version number\",\"code\":\"ERR_SSL_WRONG_VERSION_NUMBER\"}"}
{"asctime":"2025-10-30 23:37:29","level":"ERROR","service":"QueryGenie Server","message":"File Processing worker failed with error {\"library\":\"SSL routines\",\"reason\":\"wrong version number\",\"code\":\"ERR_SSL_WRONG_VERSION_NUMBER\"}"}
{"asctime":"2025-10-30 23:37:29","level":"ERROR","service":"QueryGenie Server","message":"File Processing worker failed with error {\"library\":\"SSL routines\",\"reason\":\"wrong version number\",\"code\":\"ERR_SSL_WRONG_VERSION_NUMBER\"}"}
{"asctime":"2025-10-30 23:37:29","level":"ERROR","service":"QueryGenie Server","message":"PDF Parser failed with error {\"library\":\"SSL routines\",\"reason\":\"wrong version number\",\"code\":\"ERR_SSL_WRONG_VERSION_NUMBER\"}"}
{"asctime":"2025-10-30 23:37:29","level":"ERROR","service":"QueryGenie Server","message":"PDF Parser failed with error {\"library\":\"SSL routines\",\"reason\":\"wrong version number\",\"code\":\"ERR_SSL_WRONG_VERSION_NUMBER\"}"}
{"asctime":"2025-10-30 23:37:31","level":"ERROR","service":"QueryGenie Server","message":"File Processing worker failed with error {\"library\":\"SSL routines\",\"reason\":\"wrong version number\",\"code\":\"ERR_SSL_WRONG_VERSION_NUMBER\"}"}
{"asctime":"2025-10-30 23:37:31","level":"ERROR","service":"QueryGenie Server","message":"PDF Parser failed with error {\"library\":\"SSL routines\",\"reason\":\"wrong version number\",\"code\":\"ERR_SSL_WRONG_VERSION_NUMBER\"}"}
{"asctime":"2025-10-30 23:37:31","level":"ERROR","service":"QueryGenie Server","message":"File Processing worker failed with error {\"library\":\"SSL routines\",\"reason\":\"wrong version number\",\"code\":\"ERR_SSL_WRONG_VERSION_NUMBER\"}"}
{"asctime":"2025-10-30 23:37:31","level":"ERROR","service":"QueryGenie Server","message":"PDF Parser failed with error {\"library\":\"SSL routines\",\"reason\":\"wrong version number\",\"code\":\"ERR_SSL_WRONG_VERSION_NUMBER\"}"}
{"asctime":"2025-10-30 23:37:33","level":"ERROR","service":"QueryGenie Server","message":"File Processing worker failed with error {\"library\":\"SSL routines\",\"reason\":\"wrong version number\",\"code\":\"ERR_SSL_WRONG_VERSION_NUMBER\"}"}
{"asctime":"2025-10-30 23:37:33","level":"ERROR","service":"QueryGenie Server","message":"PDF Parser failed with error {\"library\":\"SSL routines\",\"reason\":\"wrong version number\",\"code\":\"ERR_SSL_WRONG_VERSION_NUMBER\"}"}
{"asctime":"2025-10-30 23:37:33","level":"ERROR","service":"QueryGenie Server","message":"File Processing worker failed with error {\"library\":\"SSL routines\",\"reason\":\"wrong version number\",\"code\":\"ERR_SSL_WRONG_VERSION_NUMBER\"}"}
{"asctime":"2025-10-30 23:37:33","level":"ERROR","service":"QueryGenie Server","message":"PDF Parser failed with error {\"library\":\"SSL routines\",\"reason\":\"wrong version number\",\"code\":\"ERR_SSL_WRONG_VERSION_NUMBER\"}"}
{"asctime":"2025-10-30 23:37:35","level":"ERROR","service":"QueryGenie Server","message":"File Processing worker failed with error {\"library\":\"SSL routines\",\"reason\":\"wrong version number\",\"code\":\"ERR_SSL_WRONG_VERSION_NUMBER\"}"}
{"asctime":"2025-10-30 23:37:35","level":"ERROR","service":"QueryGenie Server","message":"PDF Parser failed with error {\"library\":\"SSL routines\",\"reason\":\"wrong version number\",\"code\":\"ERR_SSL_WRONG_VERSION_NUMBER\"}"}
{"asctime":"2025-10-30 23:37:35","level":"ERROR","service":"QueryGenie Server","message":"File Processing worker failed with error {\"library\":\"SSL routines\",\"reason\":\"wrong version number\",\"code\":\"ERR_SSL_WRONG_VERSION_NUMBER\"}"}
{"asctime":"2025-10-30 23:37:35","level":"ERROR","service":"QueryGenie Server","message":"PDF Parser failed with error {\"library\":\"SSL routines\",\"reason\":\"wrong version number\",\"code\":\"ERR_SSL_WRONG_VERSION_NUMBER\"}"}
{"asctime":"2025-10-30 23:37:37","level":"ERROR","service":"QueryGenie Server","message":"File Processing worker failed with error {\"library\":\"SSL routines\",\"reason\":\"wrong version number\",\"code\":\"ERR_SSL_WRONG_VERSION_NUMBER\"}"}
{"asctime":"2025-10-30 23:37:37","level":"ERROR","service":"QueryGenie Server","message":"PDF Parser failed with error {\"library\":\"SSL routines\",\"reason\":\"wrong version number\",\"code\":\"ERR_SSL_WRONG_VERSION_NUMBER\"}"}
{"asctime":"2025-10-30 23:37:37","level":"ERROR","service":"QueryGenie Server","message":"File Processing worker failed with error {\"library\":\"SSL routines\",\"reason\":\"wrong version number\",\"code\":\"ERR_SSL_WRONG_VERSION_NUMBER\"}"}
{"asctime":"2025-10-30 23:37:37","level":"ERROR","service":"QueryGenie Server","message":"PDF Parser failed with error {\"library\":\"SSL routines\",\"reason\":\"wrong version number\",\"code\":\"ERR_SSL_WRONG_VERSION_NUMBER\"}"}
{"asctime":"2025-10-30 23:37:39","level":"ERROR","service":"QueryGenie Server","message":"File Processing worker failed with error {\"library\":\"SSL routines\",\"reason\":\"wrong version number\",\"code\":\"ERR_SSL_WRONG_VERSION_NUMBER\"}"}
{"asctime":"2025-10-30 23:37:39","level":"ERROR","service":"QueryGenie Server","message":"PDF Parser failed with error {\"library\":\"SSL routines\",\"reason\":\"wrong version number\",\"code\":\"ERR_SSL_WRONG_VERSION_NUMBER\"}"}
{"asctime":"2025-10-30 23:37:39","level":"ERROR","service":"QueryGenie Server","message":"File Processing worker failed with error {\"library\":\"SSL routines\",\"reason\":\"wrong version number\",\"code\":\"ERR_SSL_WRONG_VERSION_NUMBER\"}"}
{"asctime":"2025-10-30 23:37:39","level":"ERROR","service":"QueryGenie Server","message":"PDF Parser failed with error {\"library\":\"SSL routines\",\"reason\":\"wrong version number\",\"code\":\"ERR_SSL_WRONG_VERSION_NUMBER\"}"}
{"asctime":"2025-10-30 23:37:41","level":"ERROR","service":"QueryGenie Server","message":"File Processing worker failed with error {\"library\":\"SSL routines\",\"reason\":\"wrong version number\",\"code\":\"ERR_SSL_WRONG_VERSION_NUMBER\"}"}
{"asctime":"2025-10-30 23:37:41","level":"ERROR","service":"QueryGenie Server","message":"PDF Parser failed with error {\"library\":\"SSL routines\",\"reason\":\"wrong version number\",\"code\":\"ERR_SSL_WRONG_VERSION_NUMBER\"}"}
{"asctime":"2025-10-30 23:37:41","level":"ERROR","service":"QueryGenie Server","message":"File Processing worker failed with error {\"library\":\"SSL routines\",\"reason\":\"wrong version number\",\"code\":\"ERR_SSL_WRONG_VERSION_NUMBER\"}"}
{"asctime":"2025-10-30 23:37:41","level":"ERROR","service":"QueryGenie Server","message":"PDF Parser failed with error {\"library\":\"SSL routines\",\"reason\":\"wrong version number\",\"code\":\"ERR_SSL_WRONG_VERSION_NUMBER\"}"}
{"asctime":"2025-10-30 23:37:43","level":"ERROR","service":"QueryGenie Server","message":"File Processing worker failed with error {\"library\":\"SSL routines\",\"reason\":\"wrong version number\",\"code\":\"ERR_SSL_WRONG_VERSION_NUMBER\"}"}
{"asctime":"2025-10-30 23:37:43","level":"ERROR","service":"QueryGenie Server","message":"PDF Parser failed with error {\"library\":\"SSL routines\",\"reason\":\"wrong version number\",\"code\":\"ERR_SSL_WRONG_VERSION_NUMBER\"}"}
{"asctime":"2025-10-30 23:37:43","level":"ERROR","service":"QueryGenie Server","message":"File Processing worker failed with error {\"library\":\"SSL routines\",\"reason\":\"wrong version number\",\"code\":\"ERR_SSL_WRONG_VERSION_NUMBER\"}"}
{"asctime":"2025-10-30 23:37:43","level":"ERROR","service":"QueryGenie Server","message":"PDF Parser failed with error {\"library\":\"SSL routines\",\"reason\":\"wrong version number\",\"code\":\"ERR_SSL_WRONG_VERSION_NUMBER\"}"}
{"asctime":"2025-10-30 23:37:45","level":"ERROR","service":"QueryGenie Server","message":"File Processing worker failed with error {\"library\":\"SSL routines\",\"reason\":\"wrong version number\",\"code\":\"ERR_SSL_WRONG_VERSION_NUMBER\"}"}
{"asctime":"2025-10-30 23:37:45","level":"ERROR","service":"QueryGenie Server","message":"PDF Parser failed with error {\"library\":\"SSL routines\",\"reason\":\"wrong version number\",\"code\":\"ERR_SSL_WRONG_VERSION_NUMBER\"}"}
{"asctime":"2025-10-30 23:37:45","level":"ERROR","service":"QueryGenie Server","message":"File Processing worker failed with error {\"library\":\"SSL routines\",\"reason\":\"wrong version number\",\"code\":\"ERR_SSL_WRONG_VERSION_NUMBER\"}"}
{"asctime":"2025-10-30 23:37:45","level":"ERROR","service":"QueryGenie Server","message":"PDF Parser failed with error {\"library\":\"SSL routines\",\"reason\":\"wrong version number\",\"code\":\"ERR_SSL_WRONG_VERSION_NUMBER\"}"}
{"asctime":"2025-10-30 23:37:47","level":"ERROR","service":"QueryGenie Server","message":"File Processing worker failed with error {\"library\":\"SSL routines\",\"reason\":\"wrong version number\",\"code\":\"ERR_SSL_WRONG_VERSION_NUMBER\"}"}
{"asctime":"2025-10-30 23:37:47","level":"ERROR","service":"QueryGenie Server","message":"File Processing worker failed with error {\"library\":\"SSL routines\",\"reason\":\"wrong version number\",\"code\":\"ERR_SSL_WRONG_VERSION_NUMBER\"}"}
{"asctime":"2025-10-30 23:37:47","level":"ERROR","service":"QueryGenie Server","message":"PDF Parser failed with error {\"library\":\"SSL routines\",\"reason\":\"wrong version number\",\"code\":\"ERR_SSL_WRONG_VERSION_NUMBER\"}"}
{"asctime":"2025-10-30 23:37:47","level":"ERROR","service":"QueryGenie Server","message":"PDF Parser failed with error {\"library\":\"SSL routines\",\"reason\":\"wrong version number\",\"code\":\"ERR_SSL_WRONG_VERSION_NUMBER\"}"}
{"asctime":"2025-10-30 23:37:49","level":"ERROR","service":"QueryGenie Server","message":"File Processing worker failed with error {\"library\":\"SSL routines\",\"reason\":\"wrong version number\",\"code\":\"ERR_SSL_WRONG_VERSION_NUMBER\"}"}
{"asctime":"2025-10-30 23:37:49","level":"ERROR","service":"QueryGenie Server","message":"File Processing worker failed with error {\"library\":\"SSL routines\",\"reason\":\"wrong version number\",\"code\":\"ERR_SSL_WRONG_VERSION_NUMBER\"}"}
{"asctime":"2025-10-30 23:37:49","level":"ERROR","service":"QueryGenie Server","message":"PDF Parser failed with error {\"library\":\"SSL routines\",\"reason\":\"wrong version number\",\"code\":\"ERR_SSL_WRONG_VERSION_NUMBER\"}"}
{"asctime":"2025-10-30 23:37:49","level":"ERROR","service":"QueryGenie Server","message":"PDF Parser failed with error {\"library\":\"SSL routines\",\"reason\":\"wrong version number\",\"code\":\"ERR_SSL_WRONG_VERSION_NUMBER\"}"}
{"asctime":"2025-10-30 23:37:51","level":"ERROR","service":"QueryGenie Server","message":"File Processing worker failed with error {\"library\":\"SSL routines\",\"reason\":\"wrong version number\",\"code\":\"ERR_SSL_WRONG_VERSION_NUMBER\"}"}
{"asctime":"2025-10-30 23:37:51","level":"ERROR","service":"QueryGenie Server","message":"PDF Parser failed with error {\"library\":\"SSL routines\",\"reason\":\"wrong version number\",\"code\":\"ERR_SSL_WRONG_VERSION_NUMBER\"}"}
{"asctime":"2025-10-30 23:37:51","level":"ERROR","service":"QueryGenie Server","message":"File Processing worker failed with error {\"library\":\"SSL routines\",\"reason\":\"wrong version number\",\"code\":\"ERR_SSL_WRONG_VERSION_NUMBER\"}"}
{"asctime":"2025-10-30 23:37:51","level":"ERROR","service":"QueryGenie Server","message":"PDF Parser failed with error {\"library\":\"SSL routines\",\"reason\":\"wrong version number\",\"code\":\"ERR_SSL_WRONG_VERSION_NUMBER\"}"}
{"asctime":"2025-10-30 23:37:53","level":"ERROR","service":"QueryGenie Server","message":"File Processing worker failed with error {\"library\":\"SSL routines\",\"reason\":\"wrong version number\",\"code\":\"ERR_SSL_WRONG_VERSION_NUMBER\"}"}
{"asctime":"2025-10-30 23:37:53","level":"ERROR","service":"QueryGenie Server","message":"File Processing worker failed with error {\"library\":\"SSL routines\",\"reason\":\"wrong version number\",\"code\":\"ERR_SSL_WRONG_VERSION_NUMBER\"}"}
{"asctime":"2025-10-30 23:37:53","level":"ERROR","service":"QueryGenie Server","message":"PDF Parser failed with error {\"library\":\"SSL routines\",\"reason\":\"wrong version number\",\"code\":\"ERR_SSL_WRONG_VERSION_NUMBER\"}"}
{"asctime":"2025-10-30 23:37:53","level":"ERROR","service":"QueryGenie Server","message":"PDF Parser failed with error {\"library\":\"SSL routines\",\"reason\":\"wrong version number\",\"code\":\"ERR_SSL_WRONG_VERSION_NUMBER\"}"}
{"asctime":"2025-10-30 23:37:55","level":"ERROR","service":"QueryGenie Server","message":"File Processing worker failed with error {\"library\":\"SSL routines\",\"reason\":\"wrong version number\",\"code\":\"ERR_SSL_WRONG_VERSION_NUMBER\"}"}
{"asctime":"2025-10-30 23:37:55","level":"ERROR","service":"QueryGenie Server","message":"PDF Parser failed with error {\"library\":\"SSL routines\",\"reason\":\"wrong version number\",\"code\":\"ERR_SSL_WRONG_VERSION_NUMBER\"}"}
{"asctime":"2025-10-30 23:37:55","level":"ERROR","service":"QueryGenie Server","message":"PDF Parser failed with error {\"library\":\"SSL routines\",\"reason\":\"wrong version number\",\"code\":\"ERR_SSL_WRONG_VERSION_NUMBER\"}"}
{"asctime":"2025-10-30 23:37:55","level":"ERROR","service":"QueryGenie Server","message":"File Processing worker failed with error {\"library\":\"SSL routines\",\"reason\":\"wrong version number\",\"code\":\"ERR_SSL_WRONG_VERSION_NUMBER\"}"}
{"asctime":"2025-10-30 23:37:58","level":"ERROR","service":"QueryGenie Server","message":"File Processing worker failed with error {\"library\":\"SSL routines\",\"reason\":\"wrong version number\",\"code\":\"ERR_SSL_WRONG_VERSION_NUMBER\"}"}
{"asctime":"2025-10-30 23:37:58","level":"ERROR","service":"QueryGenie Server","message":"PDF Parser failed with error {\"library\":\"SSL routines\",\"reason\":\"wrong version number\",\"code\":\"ERR_SSL_WRONG_VERSION_NUMBER\"}"}
{"asctime":"2025-10-30 23:37:58","level":"ERROR","service":"QueryGenie Server","message":"File Processing worker failed with error {\"library\":\"SSL routines\",\"reason\":\"wrong version number\",\"code\":\"ERR_SSL_WRONG_VERSION_NUMBER\"}"}
{"asctime":"2025-10-30 23:37:58","level":"ERROR","service":"QueryGenie Server","message":"PDF Parser failed with error {\"library\":\"SSL routines\",\"reason\":\"wrong version number\",\"code\":\"ERR_SSL_WRONG_VERSION_NUMBER\"}"}
{"asctime":"2025-10-30 23:38:00","level":"ERROR","service":"QueryGenie Server","message":"File Processing worker failed with error {\"library\":\"SSL routines\",\"reason\":\"wrong version number\",\"code\":\"ERR_SSL_WRONG_VERSION_NUMBER\"}"}
{"asctime":"2025-10-30 23:38:00","level":"ERROR","service":"QueryGenie Server","message":"PDF Parser failed with error {\"library\":\"SSL routines\",\"reason\":\"wrong version number\",\"code\":\"ERR_SSL_WRONG_VERSION_NUMBER\"}"}
{"asctime":"2025-10-30 23:38:00","level":"ERROR","service":"QueryGenie Server","message":"PDF Parser failed with error {\"library\":\"SSL routines\",\"reason\":\"wrong version number\",\"code\":\"ERR_SSL_WRONG_VERSION_NUMBER\"}"}
{"asctime":"2025-10-30 23:38:00","level":"ERROR","service":"QueryGenie Server","message":"File Processing worker failed with error {\"library\":\"SSL routines\",\"reason\":\"wrong version number\",\"code\":\"ERR_SSL_WRONG_VERSION_NUMBER\"}"}
{"asctime":"2025-10-30 23:38:02","level":"ERROR","service":"QueryGenie Server","message":"File Processing worker failed with error {\"library\":\"SSL routines\",\"reason\":\"wrong version number\",\"code\":\"ERR_SSL_WRONG_VERSION_NUMBER\"}"}
{"asctime":"2025-10-30 23:38:02","level":"ERROR","service":"QueryGenie Server","message":"PDF Parser failed with error {\"library\":\"SSL routines\",\"reason\":\"wrong version number\",\"code\":\"ERR_SSL_WRONG_VERSION_NUMBER\"}"}
{"asctime":"2025-10-30 23:38:02","level":"ERROR","service":"QueryGenie Server","message":"PDF Parser failed with error {\"library\":\"SSL routines\",\"reason\":\"wrong version number\",\"code\":\"ERR_SSL_WRONG_VERSION_NUMBER\"}"}
{"asctime":"2025-10-30 23:38:02","level":"ERROR","service":"QueryGenie Server","message":"File Processing worker failed with error {\"library\":\"SSL routines\",\"reason\":\"wrong version number\",\"code\":\"ERR_SSL_WRONG_VERSION_NUMBER\"}"}
{"asctime":"2025-10-30 23:38:04","level":"ERROR","service":"QueryGenie Server","message":"File Processing worker failed with error {\"library\":\"SSL routines\",\"reason\":\"wrong version number\",\"code\":\"ERR_SSL_WRONG_VERSION_NUMBER\"}"}
{"asctime":"2025-10-30 23:38:04","level":"ERROR","service":"QueryGenie Server","message":"File Processing worker failed with error {\"library\":\"SSL routines\",\"reason\":\"wrong version number\",\"code\":\"ERR_SSL_WRONG_VERSION_NUMBER\"}"}
{"asctime":"2025-10-30 23:38:04","level":"ERROR","service":"QueryGenie Server","message":"PDF Parser failed with error {\"library\":\"SSL routines\",\"reason\":\"wrong version number\",\"code\":\"ERR_SSL_WRONG_VERSION_NUMBER\"}"}
{"asctime":"2025-10-30 23:38:04","level":"ERROR","service":"QueryGenie Server","message":"PDF Parser failed with error {\"library\":\"SSL routines\",\"reason\":\"wrong version number\",\"code\":\"ERR_SSL_WRONG_VERSION_NUMBER\"}"}
{"asctime":"2025-10-30 23:38:06","level":"ERROR","service":"QueryGenie Server","message":"File Processing worker failed with error {\"library\":\"SSL routines\",\"reason\":\"wrong version number\",\"code\":\"ERR_SSL_WRONG_VERSION_NUMBER\"}"}
{"asctime":"2025-10-30 23:38:06","level":"ERROR","service":"QueryGenie Server","message":"PDF Parser failed with error {\"library\":\"SSL routines\",\"reason\":\"wrong version number\",\"code\":\"ERR_SSL_WRONG_VERSION_NUMBER\"}"}
{"asctime":"2025-10-30 23:38:06","level":"ERROR","service":"QueryGenie Server","message":"File Processing worker failed with error {\"library\":\"SSL routines\",\"reason\":\"wrong version number\",\"code\":\"ERR_SSL_WRONG_VERSION_NUMBER\"}"}
{"asctime":"2025-10-30 23:38:06","level":"ERROR","service":"QueryGenie Server","message":"PDF Parser failed with error {\"library\":\"SSL routines\",\"reason\":\"wrong version number\",\"code\":\"ERR_SSL_WRONG_VERSION_NUMBER\"}"}
{"asctime":"2025-10-30 23:38:08","level":"ERROR","service":"QueryGenie Server","message":"File Processing worker failed with error {\"library\":\"SSL routines\",\"reason\":\"wrong version number\",\"code\":\"ERR_SSL_WRONG_VERSION_NUMBER\"}"}
{"asctime":"2025-10-30 23:38:08","level":"ERROR","service":"QueryGenie Server","message":"PDF Parser failed with error {\"library\":\"SSL routines\",\"reason\":\"wrong version number\",\"code\":\"ERR_SSL_WRONG_VERSION_NUMBER\"}"}
{"asctime":"2025-10-30 23:38:08","level":"ERROR","service":"QueryGenie Server","message":"File Processing worker failed with error {\"library\":\"SSL routines\",\"reason\":\"wrong version number\",\"code\":\"ERR_SSL_WRONG_VERSION_NUMBER\"}"}
{"asctime":"2025-10-30 23:38:08","level":"ERROR","service":"QueryGenie Server","message":"PDF Parser failed with error {\"library\":\"SSL routines\",\"reason\":\"wrong version number\",\"code\":\"ERR_SSL_WRONG_VERSION_NUMBER\"}"}
{"asctime":"2025-10-30 23:38:10","level":"ERROR","service":"QueryGenie Server","message":"File Processing worker failed with error {\"library\":\"SSL routines\",\"reason\":\"wrong version number\",\"code\":\"ERR_SSL_WRONG_VERSION_NUMBER\"}"}
{"asctime":"2025-10-30 23:38:10","level":"ERROR","service":"QueryGenie Server","message":"PDF Parser failed with error {\"library\":\"SSL routines\",\"reason\":\"wrong version number\",\"code\":\"ERR_SSL_WRONG_VERSION_NUMBER\"}"}
{"asctime":"2025-10-30 23:38:10","level":"ERROR","service":"QueryGenie Server","message":"PDF Parser failed with error {\"library\":\"SSL routines\",\"reason\":\"wrong version number\",\"code\":\"ERR_SSL_WRONG_VERSION_NUMBER\"}"}
{"asctime":"2025-10-30 23:38:10","level":"ERROR","service":"QueryGenie Server","message":"File Processing worker failed with error {\"library\":\"SSL routines\",\"reason\":\"wrong version number\",\"code\":\"ERR_SSL_WRONG_VERSION_NUMBER\"}"}
{"asctime":"2025-10-30 23:38:12","level":"ERROR","service":"QueryGenie Server","message":"PDF Parser failed with error {\"library\":\"SSL routines\",\"reason\":\"wrong version number\",\"code\":\"ERR_SSL_WRONG_VERSION_NUMBER\"}"}
{"asctime":"2025-10-30 23:38:12","level":"ERROR","service":"QueryGenie Server","message":"File Processing worker failed with error {\"library\":\"SSL routines\",\"reason\":\"wrong version number\",\"code\":\"ERR_SSL_WRONG_VERSION_NUMBER\"}"}
{"asctime":"2025-10-30 23:38:12","level":"ERROR","service":"QueryGenie Server","message":"PDF Parser failed with error {\"library\":\"SSL routines\",\"reason\":\"wrong version number\",\"code\":\"ERR_SSL_WRONG_VERSION_NUMBER\"}"}
{"asctime":"2025-10-30 23:38:12","level":"ERROR","service":"QueryGenie Server","message":"File Processing worker failed with error {\"library\":\"SSL routines\",\"reason\":\"wrong version number\",\"code\":\"ERR_SSL_WRONG_VERSION_NUMBER\"}"}
{"asctime":"2025-10-30 23:38:14","level":"ERROR","service":"QueryGenie Server","message":"PDF Parser failed with error {\"library\":\"SSL routines\",\"reason\":\"wrong version number\",\"code\":\"ERR_SSL_WRONG_VERSION_NUMBER\"}"}
{"asctime":"2025-10-30 23:38:14","level":"ERROR","service":"QueryGenie Server","message":"File Processing worker failed with error {\"library\":\"SSL routines\",\"reason\":\"wrong version number\",\"code\":\"ERR_SSL_WRONG_VERSION_NUMBER\"}"}
{"asctime":"2025-10-30 23:38:14","level":"ERROR","service":"QueryGenie Server","message":"PDF Parser failed with error {\"library\":\"SSL routines\",\"reason\":\"wrong version number\",\"code\":\"ERR_SSL_WRONG_VERSION_NUMBER\"}"}
{"asctime":"2025-10-30 23:38:14","level":"ERROR","service":"QueryGenie Server","message":"File Processing worker failed with error {\"library\":\"SSL routines\",\"reason\":\"wrong version number\",\"code\":\"ERR_SSL_WRONG_VERSION_NUMBER\"}"}
{"asctime":"2025-10-30 23:38:16","level":"ERROR","service":"QueryGenie Server","message":"PDF Parser failed with error {\"library\":\"SSL routines\",\"reason\":\"wrong version number\",\"code\":\"ERR_SSL_WRONG_VERSION_NUMBER\"}"}
{"asctime":"2025-10-30 23:38:16","level":"ERROR","service":"QueryGenie Server","message":"File Processing worker failed with error {\"library\":\"SSL routines\",\"reason\":\"wrong version number\",\"code\":\"ERR_SSL_WRONG_VERSION_NUMBER\"}"}
{"asctime":"2025-10-30 23:38:16","level":"ERROR","service":"QueryGenie Server","message":"PDF Parser failed with error {\"library\":\"SSL routines\",\"reason\":\"wrong version number\",\"code\":\"ERR_SSL_WRONG_VERSION_NUMBER\"}"}
{"asctime":"2025-10-30 23:38:16","level":"ERROR","service":"QueryGenie Server","message":"File Processing worker failed with error {\"library\":\"SSL routines\",\"reason\":\"wrong version number\",\"code\":\"ERR_SSL_WRONG_VERSION_NUMBER\"}"}
{"asctime":"2025-10-30 23:38:18","level":"ERROR","service":"QueryGenie Server","message":"PDF Parser failed with error {\"library\":\"SSL routines\",\"reason\":\"wrong version number\",\"code\":\"ERR_SSL_WRONG_VERSION_NUMBER\"}"}
{"asctime":"2025-10-30 23:38:18","level":"ERROR","service":"QueryGenie Server","message":"File Processing worker failed with error {\"library\":\"SSL routines\",\"reason\":\"wrong version number\",\"code\":\"ERR_SSL_WRONG_VERSION_NUMBER\"}"}
{"asctime":"2025-10-30 23:38:18","level":"ERROR","service":"QueryGenie Server","message":"PDF Parser failed with error {\"library\":\"SSL routines\",\"reason\":\"wrong version number\",\"code\":\"ERR_SSL_WRONG_VERSION_NUMBER\"}"}
{"asctime":"2025-10-30 23:38:18","level":"ERROR","service":"QueryGenie Server","message":"File Processing worker failed with error {\"library\":\"SSL routines\",\"reason\":\"wrong version number\",\"code\":\"ERR_SSL_WRONG_VERSION_NUMBER\"}"}
{"asctime":"2025-10-30 23:38:20","level":"ERROR","service":"QueryGenie Server","message":"PDF Parser failed with error {\"library\":\"SSL routines\",\"reason\":\"wrong version number\",\"code\":\"ERR_SSL_WRONG_VERSION_NUMBER\"}"}
{"asctime":"2025-10-30 23:38:20","level":"ERROR","service":"QueryGenie Server","message":"File Processing worker failed with error {\"library\":\"SSL routines\",\"reason\":\"wrong version number\",\"code\":\"ERR_SSL_WRONG_VERSION_NUMBER\"}"}
{"asctime":"2025-10-30 23:38:20","level":"ERROR","service":"QueryGenie Server","message":"File Processing worker failed with error {\"library\":\"SSL routines\",\"reason\":\"wrong version number\",\"code\":\"ERR_SSL_WRONG_VERSION_NUMBER\"}"}
{"asctime":"2025-10-30 23:38:20","level":"ERROR","service":"QueryGenie Server","message":"PDF Parser failed with error {\"library\":\"SSL routines\",\"reason\":\"wrong version number\",\"code\":\"ERR_SSL_WRONG_VERSION_NUMBER\"}"}
{"asctime":"2025-10-30 23:38:22","level":"ERROR","service":"QueryGenie Server","message":"PDF Parser failed with error {\"library\":\"SSL routines\",\"reason\":\"wrong version number\",\"code\":\"ERR_SSL_WRONG_VERSION_NUMBER\"}"}
{"asctime":"2025-10-30 23:38:22","level":"ERROR","service":"QueryGenie Server","message":"File Processing worker failed with error {\"library\":\"SSL routines\",\"reason\":\"wrong version number\",\"code\":\"ERR_SSL_WRONG_VERSION_NUMBER\"}"}
{"asctime":"2025-10-30 23:38:22","level":"ERROR","service":"QueryGenie Server","message":"PDF Parser failed with error {\"library\":\"SSL routines\",\"reason\":\"wrong version number\",\"code\":\"ERR_SSL_WRONG_VERSION_NUMBER\"}"}
{"asctime":"2025-10-30 23:38:22","level":"ERROR","service":"QueryGenie Server","message":"File Processing worker failed with error {\"library\":\"SSL routines\",\"reason\":\"wrong version number\",\"code\":\"ERR_SSL_WRONG_VERSION_NUMBER\"}"}
{"asctime":"2025-10-30 23:38:24","level":"ERROR","service":"QueryGenie Server","message":"PDF Parser failed with error {\"library\":\"SSL routines\",\"reason\":\"wrong version number\",\"code\":\"ERR_SSL_WRONG_VERSION_NUMBER\"}"}
{"asctime":"2025-10-30 23:38:24","level":"ERROR","service":"QueryGenie Server","message":"File Processing worker failed with error {\"library\":\"SSL routines\",\"reason\":\"wrong version number\",\"code\":\"ERR_SSL_WRONG_VERSION_NUMBER\"}"}
{"asctime":"2025-10-30 23:38:24","level":"ERROR","service":"QueryGenie Server","message":"PDF Parser failed with error {\"library\":\"SSL routines\",\"reason\":\"wrong version number\",\"code\":\"ERR_SSL_WRONG_VERSION_NUMBER\"}"}
{"asctime":"2025-10-30 23:38:24","level":"ERROR","service":"QueryGenie Server","message":"File Processing worker failed with error {\"library\":\"SSL routines\",\"reason\":\"wrong version number\",\"code\":\"ERR_SSL_WRONG_VERSION_NUMBER\"}"}
{"asctime":"2025-10-30 23:38:26","level":"ERROR","service":"QueryGenie Server","message":"PDF Parser failed with error {\"library\":\"SSL routines\",\"reason\":\"wrong version number\",\"code\":\"ERR_SSL_WRONG_VERSION_NUMBER\"}"}
{"asctime":"2025-10-30 23:38:26","level":"ERROR","service":"QueryGenie Server","message":"File Processing worker failed with error {\"library\":\"SSL routines\",\"reason\":\"wrong version number\",\"code\":\"ERR_SSL_WRONG_VERSION_NUMBER\"}"}
{"asctime":"2025-10-30 23:38:26","level":"ERROR","service":"QueryGenie Server","message":"PDF Parser failed with error {\"library\":\"SSL routines\",\"reason\":\"wrong version number\",\"code\":\"ERR_SSL_WRONG_VERSION_NUMBER\"}"}
{"asctime":"2025-10-30 23:38:26","level":"ERROR","service":"QueryGenie Server","message":"File Processing worker failed with error {\"library\":\"SSL routines\",\"reason\":\"wrong version number\",\"code\":\"ERR_SSL_WRONG_VERSION_NUMBER\"}"}
{"asctime":"2025-10-30 23:38:28","level":"ERROR","service":"QueryGenie Server","message":"PDF Parser failed with error {\"library\":\"SSL routines\",\"reason\":\"wrong version number\",\"code\":\"ERR_SSL_WRONG_VERSION_NUMBER\"}"}
{"asctime":"2025-10-30 23:38:28","level":"ERROR","service":"QueryGenie Server","message":"File Processing worker failed with error {\"library\":\"SSL routines\",\"reason\":\"wrong version number\",\"code\":\"ERR_SSL_WRONG_VERSION_NUMBER\"}"}
{"asctime":"2025-10-30 23:38:28","level":"ERROR","service":"QueryGenie Server","message":"File Processing worker failed with error {\"library\":\"SSL routines\",\"reason\":\"wrong version number\",\"code\":\"ERR_SSL_WRONG_VERSION_NUMBER\"}"}
{"asctime":"2025-10-30 23:38:28","level":"ERROR","service":"QueryGenie Server","message":"PDF Parser failed with error {\"library\":\"SSL routines\",\"reason\":\"wrong version number\",\"code\":\"ERR_SSL_WRONG_VERSION_NUMBER\"}"}
{"asctime":"2025-10-30 23:38:30","level":"ERROR","service":"QueryGenie Server","message":"PDF Parser failed with error {\"library\":\"SSL routines\",\"reason\":\"wrong version number\",\"code\":\"ERR_SSL_WRONG_VERSION_NUMBER\"}"}
{"asctime":"2025-10-30 23:38:30","level":"ERROR","service":"QueryGenie Server","message":"File Processing worker failed with error {\"library\":\"SSL routines\",\"reason\":\"wrong version number\",\"code\":\"ERR_SSL_WRONG_VERSION_NUMBER\"}"}
{"asctime":"2025-10-30 23:38:30","level":"ERROR","service":"QueryGenie Server","message":"File Processing worker failed with error {\"library\":\"SSL routines\",\"reason\":\"wrong version number\",\"code\":\"ERR_SSL_WRONG_VERSION_NUMBER\"}"}
{"asctime":"2025-10-30 23:38:30","level":"ERROR","service":"QueryGenie Server","message":"PDF Parser failed with error {\"library\":\"SSL routines\",\"reason\":\"wrong version number\",\"code\":\"ERR_SSL_WRONG_VERSION_NUMBER\"}"}
{"asctime":"2025-10-30 23:38:32","level":"ERROR","service":"QueryGenie Server","message":"File Processing worker failed with error {\"library\":\"SSL routines\",\"reason\":\"wrong version number\",\"code\":\"ERR_SSL_WRONG_VERSION_NUMBER\"}"}
{"asctime":"2025-10-30 23:38:32","level":"ERROR","service":"QueryGenie Server","message":"File Processing worker failed with error {\"library\":\"SSL routines\",\"reason\":\"wrong version number\",\"code\":\"ERR_SSL_WRONG_VERSION_NUMBER\"}"}
{"asctime":"2025-10-30 23:38:32","level":"ERROR","service":"QueryGenie Server","message":"PDF Parser failed with error {\"library\":\"SSL routines\",\"reason\":\"wrong version number\",\"code\":\"ERR_SSL_WRONG_VERSION_NUMBER\"}"}
{"asctime":"2025-10-30 23:38:32","level":"ERROR","service":"QueryGenie Server","message":"PDF Parser failed with error {\"library\":\"SSL routines\",\"reason\":\"wrong version number\",\"code\":\"ERR_SSL_WRONG_VERSION_NUMBER\"}"}
{"asctime":"2025-10-30 23:38:34","level":"ERROR","service":"QueryGenie Server","message":"File Processing worker failed with error {\"library\":\"SSL routines\",\"reason\":\"wrong version number\",\"code\":\"ERR_SSL_WRONG_VERSION_NUMBER\"}"}
{"asctime":"2025-10-30 23:38:34","level":"ERROR","service":"QueryGenie Server","message":"File Processing worker failed with error {\"library\":\"SSL routines\",\"reason\":\"wrong version number\",\"code\":\"ERR_SSL_WRONG_VERSION_NUMBER\"}"}
{"asctime":"2025-10-30 23:38:34","level":"ERROR","service":"QueryGenie Server","message":"PDF Parser failed with error {\"library\":\"SSL routines\",\"reason\":\"wrong version number\",\"code\":\"ERR_SSL_WRONG_VERSION_NUMBER\"}"}
{"asctime":"2025-10-30 23:38:34","level":"ERROR","service":"QueryGenie Server","message":"PDF Parser failed with error {\"library\":\"SSL routines\",\"reason\":\"wrong version number\",\"code\":\"ERR_SSL_WRONG_VERSION_NUMBER\"}"}
{"asctime":"2025-10-30 23:38:36","level":"ERROR","service":"QueryGenie Server","message":"PDF Parser failed with error {\"library\":\"SSL routines\",\"reason\":\"wrong version number\",\"code\":\"ERR_SSL_WRONG_VERSION_NUMBER\"}"}
{"asctime":"2025-10-30 23:38:36","level":"ERROR","service":"QueryGenie Server","message":"File Processing worker failed with error {\"library\":\"SSL routines\",\"reason\":\"wrong version number\",\"code\":\"ERR_SSL_WRONG_VERSION_NUMBER\"}"}
{"asctime":"2025-10-30 23:38:36","level":"ERROR","service":"QueryGenie Server","message":"File Processing worker failed with error {\"library\":\"SSL routines\",\"reason\":\"wrong version number\",\"code\":\"ERR_SSL_WRONG_VERSION_NUMBER\"}"}
{"asctime":"2025-10-30 23:38:36","level":"ERROR","service":"QueryGenie Server","message":"PDF Parser failed with error {\"library\":\"SSL routines\",\"reason\":\"wrong version number\",\"code\":\"ERR_SSL_WRONG_VERSION_NUMBER\"}"}
{"asctime":"2025-10-30 23:38:38","level":"ERROR","service":"QueryGenie Server","message":"File Processing worker failed with error {\"library\":\"SSL routines\",\"reason\":\"wrong version number\",\"code\":\"ERR_SSL_WRONG_VERSION_NUMBER\"}"}
{"asctime":"2025-10-30 23:38:38","level":"ERROR","service":"QueryGenie Server","message":"PDF Parser failed with error {\"library\":\"SSL routines\",\"reason\":\"wrong version number\",\"code\":\"ERR_SSL_WRONG_VERSION_NUMBER\"}"}
{"asctime":"2025-10-30 23:38:38","level":"ERROR","service":"QueryGenie Server","message":"File Processing worker failed with error {\"library\":\"SSL routines\",\"reason\":\"wrong version number\",\"code\":\"ERR_SSL_WRONG_VERSION_NUMBER\"}"}
{"asctime":"2025-10-30 23:38:38","level":"ERROR","service":"QueryGenie Server","message":"PDF Parser failed with error {\"library\":\"SSL routines\",\"reason\":\"wrong version number\",\"code\":\"ERR_SSL_WRONG_VERSION_NUMBER\"}"}
{"asctime":"2025-10-30 23:38:40","level":"ERROR","service":"QueryGenie Server","message":"File Processing worker failed with error {\"library\":\"SSL routines\",\"reason\":\"wrong version number\",\"code\":\"ERR_SSL_WRONG_VERSION_NUMBER\"}"}
{"asctime":"2025-10-30 23:38:40","level":"ERROR","service":"QueryGenie Server","message":"File Processing worker failed with error {\"library\":\"SSL routines\",\"reason\":\"wrong version number\",\"code\":\"ERR_SSL_WRONG_VERSION_NUMBER\"}"}
{"asctime":"2025-10-30 23:38:40","level":"ERROR","service":"QueryGenie Server","message":"PDF Parser failed with error {\"library\":\"SSL routines\",\"reason\":\"wrong version number\",\"code\":\"ERR_SSL_WRONG_VERSION_NUMBER\"}"}
{"asctime":"2025-10-30 23:38:40","level":"ERROR","service":"QueryGenie Server","message":"PDF Parser failed with error {\"library\":\"SSL routines\",\"reason\":\"wrong version number\",\"code\":\"ERR_SSL_WRONG_VERSION_NUMBER\"}"}
{"asctime":"2025-10-30 23:38:42","level":"ERROR","service":"QueryGenie Server","message":"File Processing worker failed with error {\"library\":\"SSL routines\",\"reason\":\"wrong version number\",\"code\":\"ERR_SSL_WRONG_VERSION_NUMBER\"}"}
{"asctime":"2025-10-30 23:38:42","level":"ERROR","service":"QueryGenie Server","message":"PDF Parser failed with error {\"library\":\"SSL routines\",\"reason\":\"wrong version number\",\"code\":\"ERR_SSL_WRONG_VERSION_NUMBER\"}"}
{"asctime":"2025-10-30 23:38:42","level":"ERROR","service":"QueryGenie Server","message":"PDF Parser failed with error {\"library\":\"SSL routines\",\"reason\":\"wrong version number\",\"code\":\"ERR_SSL_WRONG_VERSION_NUMBER\"}"}
{"asctime":"2025-10-30 23:38:42","level":"ERROR","service":"QueryGenie Server","message":"File Processing worker failed with error {\"library\":\"SSL routines\",\"reason\":\"wrong version number\",\"code\":\"ERR_SSL_WRONG_VERSION_NUMBER\"}"}
{"asctime":"2025-10-30 23:38:44","level":"ERROR","service":"QueryGenie Server","message":"File Processing worker failed with error {\"library\":\"SSL routines\",\"reason\":\"wrong version number\",\"code\":\"ERR_SSL_WRONG_VERSION_NUMBER\"}"}
{"asctime":"2025-10-30 23:38:44","level":"ERROR","service":"QueryGenie Server","message":"PDF Parser failed with error {\"library\":\"SSL routines\",\"reason\":\"wrong version number\",\"code\":\"ERR_SSL_WRONG_VERSION_NUMBER\"}"}
{"asctime":"2025-10-30 23:38:44","level":"ERROR","service":"QueryGenie Server","message":"File Processing worker failed with error {\"library\":\"SSL routines\",\"reason\":\"wrong version number\",\"code\":\"ERR_SSL_WRONG_VERSION_NUMBER\"}"}
{"asctime":"2025-10-30 23:38:44","level":"ERROR","service":"QueryGenie Server","message":"PDF Parser failed with error {\"library\":\"SSL routines\",\"reason\":\"wrong version number\",\"code\":\"ERR_SSL_WRONG_VERSION_NUMBER\"}"}
{"asctime":"2025-10-30 23:38:46","level":"ERROR","service":"QueryGenie Server","message":"File Processing worker failed with error {\"library\":\"SSL routines\",\"reason\":\"wrong version number\",\"code\":\"ERR_SSL_WRONG_VERSION_NUMBER\"}"}
{"asctime":"2025-10-30 23:38:46","level":"ERROR","service":"QueryGenie Server","message":"PDF Parser failed with error {\"library\":\"SSL routines\",\"reason\":\"wrong version number\",\"code\":\"ERR_SSL_WRONG_VERSION_NUMBER\"}"}
{"asctime":"2025-10-30 23:38:46","level":"ERROR","service":"QueryGenie Server","message":"File Processing worker failed with error {\"library\":\"SSL routines\",\"reason\":\"wrong version number\",\"code\":\"ERR_SSL_WRONG_VERSION_NUMBER\"}"}
{"asctime":"2025-10-30 23:38:46","level":"ERROR","service":"QueryGenie Server","message":"PDF Parser failed with error {\"library\":\"SSL routines\",\"reason\":\"wrong version number\",\"code\":\"ERR_SSL_WRONG_VERSION_NUMBER\"}"}
{"asctime":"2025-10-30 23:38:49","level":"ERROR","service":"QueryGenie Server","message":"File Processing worker failed with error {\"library\":\"SSL routines\",\"reason\":\"wrong version number\",\"code\":\"ERR_SSL_WRONG_VERSION_NUMBER\"}"}
{"asctime":"2025-10-30 23:38:49","level":"ERROR","service":"QueryGenie Server","message":"File Processing worker failed with error {\"library\":\"SSL routines\",\"reason\":\"wrong version number\",\"code\":\"ERR_SSL_WRONG_VERSION_NUMBER\"}"}
{"asctime":"2025-10-30 23:38:49","level":"ERROR","service":"QueryGenie Server","message":"PDF Parser failed with error {\"library\":\"SSL routines\",\"reason\":\"wrong version number\",\"code\":\"ERR_SSL_WRONG_VERSION_NUMBER\"}"}
{"asctime":"2025-10-30 23:38:49","level":"ERROR","service":"QueryGenie Server","message":"PDF Parser failed with error {\"library\":\"SSL routines\",\"reason\":\"wrong version number\",\"code\":\"ERR_SSL_WRONG_VERSION_NUMBER\"}"}
{"asctime":"2025-10-30 23:38:51","level":"ERROR","service":"QueryGenie Server","message":"File Processing worker failed with error {\"library\":\"SSL routines\",\"reason\":\"wrong version number\",\"code\":\"ERR_SSL_WRONG_VERSION_NUMBER\"}"}
{"asctime":"2025-10-30 23:38:51","level":"ERROR","service":"QueryGenie Server","message":"File Processing worker failed with error {\"library\":\"SSL routines\",\"reason\":\"wrong version number\",\"code\":\"ERR_SSL_WRONG_VERSION_NUMBER\"}"}
{"asctime":"2025-10-30 23:38:51","level":"ERROR","service":"QueryGenie Server","message":"PDF Parser failed with error {\"library\":\"SSL routines\",\"reason\":\"wrong version number\",\"code\":\"ERR_SSL_WRONG_VERSION_NUMBER\"}"}
{"asctime":"2025-10-30 23:38:51","level":"ERROR","service":"QueryGenie Server","message":"PDF Parser failed with error {\"library\":\"SSL routines\",\"reason\":\"wrong version number\",\"code\":\"ERR_SSL_WRONG_VERSION_NUMBER\"}"}
{"asctime":"2025-10-30 23:38:53","level":"ERROR","service":"QueryGenie Server","message":"File Processing worker failed with error {\"library\":\"SSL routines\",\"reason\":\"wrong version number\",\"code\":\"ERR_SSL_WRONG_VERSION_NUMBER\"}"}
{"asctime":"2025-10-30 23:38:53","level":"ERROR","service":"QueryGenie Server","message":"PDF Parser failed with error {\"library\":\"SSL routines\",\"reason\":\"wrong version number\",\"code\":\"ERR_SSL_WRONG_VERSION_NUMBER\"}"}
{"asctime":"2025-10-30 23:38:53","level":"ERROR","service":"QueryGenie Server","message":"File Processing worker failed with error {\"library\":\"SSL routines\",\"reason\":\"wrong version number\",\"code\":\"ERR_SSL_WRONG_VERSION_NUMBER\"}"}
{"asctime":"2025-10-30 23:38:53","level":"ERROR","service":"QueryGenie Server","message":"PDF Parser failed with error {\"library\":\"SSL routines\",\"reason\":\"wrong version number\",\"code\":\"ERR_SSL_WRONG_VERSION_NUMBER\"}"}
{"asctime":"2025-10-30 23:38:55","level":"ERROR","service":"QueryGenie Server","message":"File Processing worker failed with error {\"library\":\"SSL routines\",\"reason\":\"wrong version number\",\"code\":\"ERR_SSL_WRONG_VERSION_NUMBER\"}"}
{"asctime":"2025-10-30 23:38:55","level":"ERROR","service":"QueryGenie Server","message":"PDF Parser failed with error {\"library\":\"SSL routines\",\"reason\":\"wrong version number\",\"code\":\"ERR_SSL_WRONG_VERSION_NUMBER\"}"}
{"asctime":"2025-10-30 23:38:55","level":"ERROR","service":"QueryGenie Server","message":"File Processing worker failed with error {\"library\":\"SSL routines\",\"reason\":\"wrong version number\",\"code\":\"ERR_SSL_WRONG_VERSION_NUMBER\"}"}
{"asctime":"2025-10-30 23:38:55","level":"ERROR","service":"QueryGenie Server","message":"PDF Parser failed with error {\"library\":\"SSL routines\",\"reason\":\"wrong version number\",\"code\":\"ERR_SSL_WRONG_VERSION_NUMBER\"}"}
{"asctime":"2025-10-30 23:38:57","level":"ERROR","service":"QueryGenie Server","message":"File Processing worker failed with error {\"library\":\"SSL routines\",\"reason\":\"wrong version number\",\"code\":\"ERR_SSL_WRONG_VERSION_NUMBER\"}"}
{"asctime":"2025-10-30 23:38:57","level":"ERROR","service":"QueryGenie Server","message":"PDF Parser failed with error {\"library\":\"SSL routines\",\"reason\":\"wrong version number\",\"code\":\"ERR_SSL_WRONG_VERSION_NUMBER\"}"}
{"asctime":"2025-10-30 23:38:57","level":"ERROR","service":"QueryGenie Server","message":"File Processing worker failed with error {\"library\":\"SSL routines\",\"reason\":\"wrong version number\",\"code\":\"ERR_SSL_WRONG_VERSION_NUMBER\"}"}
{"asctime":"2025-10-30 23:38:57","level":"ERROR","service":"QueryGenie Server","message":"PDF Parser failed with error {\"library\":\"SSL routines\",\"reason\":\"wrong version number\",\"code\":\"ERR_SSL_WRONG_VERSION_NUMBER\"}"}
{"asctime":"2025-10-30 23:38:59","level":"ERROR","service":"QueryGenie Server","message":"PDF Parser failed with error {\"library\":\"SSL routines\",\"reason\":\"wrong version number\",\"code\":\"ERR_SSL_WRONG_VERSION_NUMBER\"}"}
{"asctime":"2025-10-30 23:38:59","level":"ERROR","service":"QueryGenie Server","message":"File Processing worker failed with error {\"library\":\"SSL routines\",\"reason\":\"wrong version number\",\"code\":\"ERR_SSL_WRONG_VERSION_NUMBER\"}"}
{"asctime":"2025-10-30 23:38:59","level":"ERROR","service":"QueryGenie Server","message":"File Processing worker failed with error {\"library\":\"SSL routines\",\"reason\":\"wrong version number\",\"code\":\"ERR_SSL_WRONG_VERSION_NUMBER\"}"}
{"asctime":"2025-10-30 23:38:59","level":"ERROR","service":"QueryGenie Server","message":"PDF Parser failed with error {\"library\":\"SSL routines\",\"reason\":\"wrong version number\",\"code\":\"ERR_SSL_WRONG_VERSION_NUMBER\"}"}
{"asctime":"2025-10-30 23:39:01","level":"ERROR","service":"QueryGenie Server","message":"PDF Parser failed with error {\"library\":\"SSL routines\",\"reason\":\"wrong version number\",\"code\":\"ERR_SSL_WRONG_VERSION_NUMBER\"}"}
{"asctime":"2025-10-30 23:39:01","level":"ERROR","service":"QueryGenie Server","message":"File Processing worker failed with error {\"library\":\"SSL routines\",\"reason\":\"wrong version number\",\"code\":\"ERR_SSL_WRONG_VERSION_NUMBER\"}"}
{"asctime":"2025-10-30 23:39:01","level":"ERROR","service":"QueryGenie Server","message":"PDF Parser failed with error {\"library\":\"SSL routines\",\"reason\":\"wrong version number\",\"code\":\"ERR_SSL_WRONG_VERSION_NUMBER\"}"}
{"asctime":"2025-10-30 23:39:01","level":"ERROR","service":"QueryGenie Server","message":"File Processing worker failed with error {\"library\":\"SSL routines\",\"reason\":\"wrong version number\",\"code\":\"ERR_SSL_WRONG_VERSION_NUMBER\"}"}
{"asctime":"2025-10-30 23:39:03","level":"ERROR","service":"QueryGenie Server","message":"File Processing worker failed with error {\"library\":\"SSL routines\",\"reason\":\"wrong version number\",\"code\":\"ERR_SSL_WRONG_VERSION_NUMBER\"}"}
{"asctime":"2025-10-30 23:39:03","level":"ERROR","service":"QueryGenie Server","message":"PDF Parser failed with error {\"library\":\"SSL routines\",\"reason\":\"wrong version number\",\"code\":\"ERR_SSL_WRONG_VERSION_NUMBER\"}"}
{"asctime":"2025-10-30 23:39:03","level":"ERROR","service":"QueryGenie Server","message":"PDF Parser failed with error {\"library\":\"SSL routines\",\"reason\":\"wrong version number\",\"code\":\"ERR_SSL_WRONG_VERSION_NUMBER\"}"}
{"asctime":"2025-10-30 23:39:03","level":"ERROR","service":"QueryGenie Server","message":"File Processing worker failed with error {\"library\":\"SSL routines\",\"reason\":\"wrong version number\",\"code\":\"ERR_SSL_WRONG_VERSION_NUMBER\"}"}
{"asctime":"2025-10-30 23:39:08","level":"INFO","service":"QueryGenie Server","message":"⚡ Server running on 3001"}
